"county","grade_level","sex","total_overweight","total_obese","total_overweight_or_obese","total_healthy","num_asian","num_black","num_hisp","num_am_ind","num_white","num_female","num_male","num_lep","num_multi","num_swd","num_ecdis"
"ALBANY","ELEMENTARY","FEMALE",297,297,590,1298,14,74,152,1,1504,909,934,13,98,320,786
"ALBANY","ELEMENTARY","FEMALE",297,297,590,1298,33,208,174,7,1429,1008,1007,25,164,338,1175
"ALBANY","ELEMENTARY","FEMALE",297,297,590,1298,498,395,425,6,3105,2401,2418,182,390,717,1708
"ALBANY","ELEMENTARY","FEMALE",297,297,590,1298,1121,382,334,16,3703,2914,2973,313,331,792,1442
"ALBANY","ELEMENTARY","FEMALE",297,297,590,1298,701,201,187,7,3568,2390,2451,227,177,587,999
"ALBANY","ELEMENTARY","MALE",316,316,635,1241,14,74,152,1,1504,909,934,13,98,320,786
"ALBANY","ELEMENTARY","MALE",316,316,635,1241,33,208,174,7,1429,1008,1007,25,164,338,1175
"ALBANY","ELEMENTARY","MALE",316,316,635,1241,498,395,425,6,3105,2401,2418,182,390,717,1708
"ALBANY","ELEMENTARY","MALE",316,316,635,1241,1121,382,334,16,3703,2914,2973,313,331,792,1442
"ALBANY","ELEMENTARY","MALE",316,316,635,1241,701,201,187,7,3568,2390,2451,227,177,587,999
"ALBANY","MIDDLE/HIGH","FEMALE",258,258,439,783,14,74,152,1,1504,909,934,13,98,320,786
"ALBANY","MIDDLE/HIGH","FEMALE",258,258,439,783,33,208,174,7,1429,1008,1007,25,164,338,1175
"ALBANY","MIDDLE/HIGH","FEMALE",258,258,439,783,498,395,425,6,3105,2401,2418,182,390,717,1708
"ALBANY","MIDDLE/HIGH","FEMALE",258,258,439,783,1121,382,334,16,3703,2914,2973,313,331,792,1442
"ALBANY","MIDDLE/HIGH","FEMALE",258,258,439,783,701,201,187,7,3568,2390,2451,227,177,587,999
"ALBANY","MIDDLE/HIGH","MALE",206,206,461,766,14,74,152,1,1504,909,934,13,98,320,786
"ALBANY","MIDDLE/HIGH","MALE",206,206,461,766,33,208,174,7,1429,1008,1007,25,164,338,1175
"ALBANY","MIDDLE/HIGH","MALE",206,206,461,766,498,395,425,6,3105,2401,2418,182,390,717,1708
"ALBANY","MIDDLE/HIGH","MALE",206,206,461,766,1121,382,334,16,3703,2914,2973,313,331,792,1442
"ALBANY","MIDDLE/HIGH","MALE",206,206,461,766,701,201,187,7,3568,2390,2451,227,177,587,999
"ALLEGANY","ELEMENTARY","FEMALE",19,19,36,79,6,15,21,4,1059,569,549,1,13,164,562
"ALLEGANY","ELEMENTARY","MALE",21,21,43,83,6,15,21,4,1059,569,549,1,13,164,562
"ALLEGANY","MIDDLE/HIGH","FEMALE",22,22,45,42,6,15,21,4,1059,569,549,1,13,164,562
"ALLEGANY","MIDDLE/HIGH","MALE",14,14,38,46,6,15,21,4,1059,569,549,1,13,164,562
"BROOME","ELEMENTARY","FEMALE",166,166,361,682,7,16,28,3,1301,648,756,2,49,158,564
"BROOME","ELEMENTARY","FEMALE",166,166,361,682,153,1491,778,9,2206,2562,2717,197,642,961,3843
"BROOME","ELEMENTARY","FEMALE",166,166,361,682,1,7,3,2,645,293,384,0,19,102,458
"BROOME","ELEMENTARY","FEMALE",166,166,361,682,18,29,42,2,1256,656,739,4,48,181,695
"BROOME","ELEMENTARY","FEMALE",166,166,361,682,24,27,38,6,1536,850,872,8,91,244,728
"BROOME","ELEMENTARY","MALE",193,193,392,732,7,16,28,3,1301,648,756,2,49,158,564
"BROOME","ELEMENTARY","MALE",193,193,392,732,153,1491,778,9,2206,2562,2717,197,642,961,3843
"BROOME","ELEMENTARY","MALE",193,193,392,732,1,7,3,2,645,293,384,0,19,102,458
"BROOME","ELEMENTARY","MALE",193,193,392,732,18,29,42,2,1256,656,739,4,48,181,695
"BROOME","ELEMENTARY","MALE",193,193,392,732,24,27,38,6,1536,850,872,8,91,244,728
"BROOME","MIDDLE/HIGH","FEMALE",91,91,208,304,7,16,28,3,1301,648,756,2,49,158,564
"BROOME","MIDDLE/HIGH","FEMALE",91,91,208,304,153,1491,778,9,2206,2562,2717,197,642,961,3843
"BROOME","MIDDLE/HIGH","FEMALE",91,91,208,304,1,7,3,2,645,293,384,0,19,102,458
"BROOME","MIDDLE/HIGH","FEMALE",91,91,208,304,18,29,42,2,1256,656,739,4,48,181,695
"BROOME","MIDDLE/HIGH","FEMALE",91,91,208,304,24,27,38,6,1536,850,872,8,91,244,728
"BROOME","MIDDLE/HIGH","MALE",92,92,256,329,7,16,28,3,1301,648,756,2,49,158,564
"BROOME","MIDDLE/HIGH","MALE",92,92,256,329,153,1491,778,9,2206,2562,2717,197,642,961,3843
"BROOME","MIDDLE/HIGH","MALE",92,92,256,329,1,7,3,2,645,293,384,0,19,102,458
"BROOME","MIDDLE/HIGH","MALE",92,92,256,329,18,29,42,2,1256,656,739,4,48,181,695
"BROOME","MIDDLE/HIGH","MALE",92,92,256,329,24,27,38,6,1536,850,872,8,91,244,728
"CATTARAUGUS","ELEMENTARY","FEMALE",139,139,237,456,11,17,19,4,1062,554,602,2,43,131,485
"CATTARAUGUS","ELEMENTARY","FEMALE",139,139,237,456,5,2,11,11,549,294,306,0,22,65,214
"CATTARAUGUS","ELEMENTARY","FEMALE",139,139,237,456,4,4,7,1,369,222,182,0,19,49,231
"CATTARAUGUS","ELEMENTARY","FEMALE",139,139,237,456,53,77,66,11,1684,976,1076,7,161,339,1128
"CATTARAUGUS","ELEMENTARY","FEMALE",139,139,237,456,2,5,18,43,805,452,451,0,30,133,466
"CATTARAUGUS","ELEMENTARY","FEMALE",139,139,237,456,2,8,78,429,642,624,652,3,117,156,844
"CATTARAUGUS","ELEMENTARY","MALE",125,125,262,516,11,17,19,4,1062,554,602,2,43,131,485
"CATTARAUGUS","ELEMENTARY","MALE",125,125,262,516,5,2,11,11,549,294,306,0,22,65,214
"CATTARAUGUS","ELEMENTARY","MALE",125,125,262,516,4,4,7,1,369,222,182,0,19,49,231
"CATTARAUGUS","ELEMENTARY","MALE",125,125,262,516,53,77,66,11,1684,976,1076,7,161,339,1128
"CATTARAUGUS","ELEMENTARY","MALE",125,125,262,516,2,5,18,43,805,452,451,0,30,133,466
"CATTARAUGUS","ELEMENTARY","MALE",125,125,262,516,2,8,78,429,642,624,652,3,117,156,844
"CATTARAUGUS","MIDDLE/HIGH","FEMALE",78,78,170,202,11,17,19,4,1062,554,602,2,43,131,485
"CATTARAUGUS","MIDDLE/HIGH","FEMALE",78,78,170,202,5,2,11,11,549,294,306,0,22,65,214
"CATTARAUGUS","MIDDLE/HIGH","FEMALE",78,78,170,202,53,77,66,11,1684,976,1076,7,161,339,1128
"CATTARAUGUS","MIDDLE/HIGH","FEMALE",78,78,170,202,2,5,18,43,805,452,451,0,30,133,466
"CATTARAUGUS","MIDDLE/HIGH","FEMALE",78,78,170,202,2,8,78,429,642,624,652,3,117,156,844
"CATTARAUGUS","MIDDLE/HIGH","MALE",73,73,184,230,11,17,19,4,1062,554,602,2,43,131,485
"CATTARAUGUS","MIDDLE/HIGH","MALE",73,73,184,230,5,2,11,11,549,294,306,0,22,65,214
"CATTARAUGUS","MIDDLE/HIGH","MALE",73,73,184,230,53,77,66,11,1684,976,1076,7,161,339,1128
"CATTARAUGUS","MIDDLE/HIGH","MALE",73,73,184,230,2,5,18,43,805,452,451,0,30,133,466
"CATTARAUGUS","MIDDLE/HIGH","MALE",73,73,184,230,2,8,78,429,642,624,652,3,117,156,844
"CAYUGA","ELEMENTARY","FEMALE",28,28,63,129,4,7,19,6,848,440,482,5,38,105,416
"CAYUGA","ELEMENTARY","FEMALE",28,28,63,129,1,3,15,1,870,452,455,6,17,132,441
"CAYUGA","ELEMENTARY","MALE",27,27,73,117,4,7,19,6,848,440,482,5,38,105,416
"CAYUGA","ELEMENTARY","MALE",27,27,73,117,1,3,15,1,870,452,455,6,17,132,441
"CAYUGA","MIDDLE/HIGH","FEMALE",24,24,48,76,4,7,19,6,848,440,482,5,38,105,416
"CAYUGA","MIDDLE/HIGH","FEMALE",24,24,48,76,1,3,15,1,870,452,455,6,17,132,441
"CAYUGA","MIDDLE/HIGH","MALE",21,21,59,65,4,7,19,6,848,440,482,5,38,105,416
"CAYUGA","MIDDLE/HIGH","MALE",21,21,59,65,1,3,15,1,870,452,455,6,17,132,441
"CHAUTAUQUA","ELEMENTARY","FEMALE",131,131,247,402,4,4,18,5,758,416,392,1,19,122,359
"CHAUTAUQUA","ELEMENTARY","FEMALE",131,131,247,402,6,8,18,1,797,407,444,2,21,122,499
"CHAUTAUQUA","ELEMENTARY","FEMALE",131,131,247,402,10,91,1192,6,781,1068,1093,341,81,265,1397
"CHAUTAUQUA","ELEMENTARY","FEMALE",131,131,247,402,5,6,100,128,761,553,518,10,71,202,639
"CHAUTAUQUA","ELEMENTARY","FEMALE",131,131,247,402,1,3,73,3,441,298,240,16,17,87,260
"CHAUTAUQUA","ELEMENTARY","FEMALE",131,131,247,402,1,3,9,3,414,198,236,5,4,74,254
"CHAUTAUQUA","ELEMENTARY","FEMALE",131,131,247,402,5,11,43,4,609,341,333,5,2,135,396
"CHAUTAUQUA","ELEMENTARY","MALE",105,105,230,438,4,4,18,5,758,416,392,1,19,122,359
"CHAUTAUQUA","ELEMENTARY","MALE",105,105,230,438,6,8,18,1,797,407,444,2,21,122,499
"CHAUTAUQUA","ELEMENTARY","MALE",105,105,230,438,10,91,1192,6,781,1068,1093,341,81,265,1397
"CHAUTAUQUA","ELEMENTARY","MALE",105,105,230,438,5,6,100,128,761,553,518,10,71,202,639
"CHAUTAUQUA","ELEMENTARY","MALE",105,105,230,438,1,3,73,3,441,298,240,16,17,87,260
"CHAUTAUQUA","ELEMENTARY","MALE",105,105,230,438,1,3,9,3,414,198,236,5,4,74,254
"CHAUTAUQUA","ELEMENTARY","MALE",105,105,230,438,5,11,43,4,609,341,333,5,2,135,396
"CHAUTAUQUA","MIDDLE/HIGH","FEMALE",81,81,181,231,4,4,18,5,758,416,392,1,19,122,359
"CHAUTAUQUA","MIDDLE/HIGH","FEMALE",81,81,181,231,6,8,18,1,797,407,444,2,21,122,499
"CHAUTAUQUA","MIDDLE/HIGH","FEMALE",81,81,181,231,10,91,1192,6,781,1068,1093,341,81,265,1397
"CHAUTAUQUA","MIDDLE/HIGH","FEMALE",81,81,181,231,5,6,100,128,761,553,518,10,71,202,639
"CHAUTAUQUA","MIDDLE/HIGH","FEMALE",81,81,181,231,1,3,9,3,414,198,236,5,4,74,254
"CHAUTAUQUA","MIDDLE/HIGH","FEMALE",81,81,181,231,5,11,43,4,609,341,333,5,2,135,396
"CHAUTAUQUA","MIDDLE/HIGH","MALE",72,72,168,239,4,4,18,5,758,416,392,1,19,122,359
"CHAUTAUQUA","MIDDLE/HIGH","MALE",72,72,168,239,6,8,18,1,797,407,444,2,21,122,499
"CHAUTAUQUA","MIDDLE/HIGH","MALE",72,72,168,239,10,91,1192,6,781,1068,1093,341,81,265,1397
"CHAUTAUQUA","MIDDLE/HIGH","MALE",72,72,168,239,5,6,100,128,761,553,518,10,71,202,639
"CHAUTAUQUA","MIDDLE/HIGH","MALE",72,72,168,239,1,3,73,3,441,298,240,16,17,87,260
"CHAUTAUQUA","MIDDLE/HIGH","MALE",72,72,168,239,5,11,43,4,609,341,333,5,2,135,396
"CHEMUNG","ELEMENTARY","FEMALE",140,140,294,333,22,777,203,7,4207,2859,3025,17,668,813,3374
"CHEMUNG","ELEMENTARY","MALE",143,143,284,389,22,777,203,7,4207,2859,3025,17,668,813,3374
"CHEMUNG","MIDDLE/HIGH","FEMALE",98,98,197,234,22,777,203,7,4207,2859,3025,17,668,813,3374
"CHEMUNG","MIDDLE/HIGH","MALE",91,91,188,251,22,777,203,7,4207,2859,3025,17,668,813,3374
"CHENANGO","ELEMENTARY","FEMALE",69,69,152,257,8,10,24,7,904,461,493,3,1,111,503
"CHENANGO","ELEMENTARY","FEMALE",69,69,152,257,3,6,9,7,760,408,387,0,10,155,425
"CHENANGO","ELEMENTARY","FEMALE",69,69,152,257,24,47,53,3,1605,869,895,12,32,265,1021
"CHENANGO","ELEMENTARY","MALE",55,55,129,241,8,10,24,7,904,461,493,3,1,111,503
"CHENANGO","ELEMENTARY","MALE",55,55,129,241,3,6,9,7,760,408,387,0,10,155,425
"CHENANGO","ELEMENTARY","MALE",55,55,129,241,24,47,53,3,1605,869,895,12,32,265,1021
"CHENANGO","MIDDLE/HIGH","FEMALE",54,54,111,147,8,10,24,7,904,461,493,3,1,111,503
"CHENANGO","MIDDLE/HIGH","FEMALE",54,54,111,147,3,6,9,7,760,408,387,0,10,155,425
"CHENANGO","MIDDLE/HIGH","FEMALE",54,54,111,147,24,47,53,3,1605,869,895,12,32,265,1021
"CHENANGO","MIDDLE/HIGH","MALE",43,43,106,135,8,10,24,7,904,461,493,3,1,111,503
"CHENANGO","MIDDLE/HIGH","MALE",43,43,106,135,3,6,9,7,760,408,387,0,10,155,425
"CHENANGO","MIDDLE/HIGH","MALE",43,43,106,135,24,47,53,3,1605,869,895,12,32,265,1021
"CLINTON","ELEMENTARY","FEMALE",95,95,210,355,1,30,4,1,1125,582,585,0,6,158,670
"CLINTON","ELEMENTARY","FEMALE",95,95,210,355,15,29,52,8,1918,968,1055,7,1,368,870
"CLINTON","ELEMENTARY","FEMALE",95,95,210,355,21,20,18,7,1748,895,962,8,43,361,871
"CLINTON","ELEMENTARY","MALE",84,84,196,374,1,30,4,1,1125,582,585,0,6,158,670
"CLINTON","ELEMENTARY","MALE",84,84,196,374,15,29,52,8,1918,968,1055,7,1,368,870
"CLINTON","ELEMENTARY","MALE",84,84,196,374,21,20,18,7,1748,895,962,8,43,361,871
"CLINTON","MIDDLE/HIGH","FEMALE",71,71,170,174,1,30,4,1,1125,582,585,0,6,158,670
"CLINTON","MIDDLE/HIGH","FEMALE",71,71,170,174,15,29,52,8,1918,968,1055,7,1,368,870
"CLINTON","MIDDLE/HIGH","FEMALE",71,71,170,174,21,20,18,7,1748,895,962,8,43,361,871
"CLINTON","MIDDLE/HIGH","MALE",45,45,139,206,1,30,4,1,1125,582,585,0,6,158,670
"CLINTON","MIDDLE/HIGH","MALE",45,45,139,206,15,29,52,8,1918,968,1055,7,1,368,870
"CLINTON","MIDDLE/HIGH","MALE",45,45,139,206,21,20,18,7,1748,895,962,8,43,361,871
"COLUMBIA","ELEMENTARY","FEMALE",60,60,128,206,5,25,136,2,1004,612,633,33,73,147,438
"COLUMBIA","ELEMENTARY","FEMALE",60,60,128,206,224,329,271,2,663,831,832,139,174,266,1167
"COLUMBIA","ELEMENTARY","MALE",50,50,127,230,5,25,136,2,1004,612,633,33,73,147,438
"COLUMBIA","ELEMENTARY","MALE",50,50,127,230,224,329,271,2,663,831,832,139,174,266,1167
"COLUMBIA","MIDDLE/HIGH","FEMALE",36,36,70,129,5,25,136,2,1004,612,633,33,73,147,438
"COLUMBIA","MIDDLE/HIGH","FEMALE",36,36,70,129,224,329,271,2,663,831,832,139,174,266,1167
"COLUMBIA","MIDDLE/HIGH","MALE",27,27,62,92,5,25,136,2,1004,612,633,33,73,147,438
"COLUMBIA","MIDDLE/HIGH","MALE",27,27,62,92,224,329,271,2,663,831,832,139,174,266,1167
"DUTCHESS","ELEMENTARY","FEMALE",142,142,259,653,282,587,1474,4,5269,3995,3968,196,347,1222,2255
"DUTCHESS","ELEMENTARY","FEMALE",142,142,259,653,176,167,200,1,841,697,751,23,63,183,340
"DUTCHESS","ELEMENTARY","FEMALE",142,142,259,653,44,38,188,6,1490,860,928,35,22,232,485
"DUTCHESS","ELEMENTARY","FEMALE",142,142,259,653,27,9,84,1,787,479,468,17,39,107,211
"DUTCHESS","ELEMENTARY","MALE",140,140,283,709,282,587,1474,4,5269,3995,3968,196,347,1222,2255
"DUTCHESS","ELEMENTARY","MALE",140,140,283,709,176,167,200,1,841,697,751,23,63,183,340
"DUTCHESS","ELEMENTARY","MALE",140,140,283,709,44,38,188,6,1490,860,928,35,22,232,485
"DUTCHESS","ELEMENTARY","MALE",140,140,283,709,27,9,84,1,787,479,468,17,39,107,211
"DUTCHESS","MIDDLE/HIGH","FEMALE",158,158,286,541,282,587,1474,4,5269,3995,3968,196,347,1222,2255
"DUTCHESS","MIDDLE/HIGH","FEMALE",158,158,286,541,176,167,200,1,841,697,751,23,63,183,340
"DUTCHESS","MIDDLE/HIGH","FEMALE",158,158,286,541,44,38,188,6,1490,860,928,35,22,232,485
"DUTCHESS","MIDDLE/HIGH","FEMALE",158,158,286,541,27,9,84,1,787,479,468,17,39,107,211
"DUTCHESS","MIDDLE/HIGH","MALE",133,133,294,537,282,587,1474,4,5269,3995,3968,196,347,1222,2255
"DUTCHESS","MIDDLE/HIGH","MALE",133,133,294,537,176,167,200,1,841,697,751,23,63,183,340
"DUTCHESS","MIDDLE/HIGH","MALE",133,133,294,537,44,38,188,6,1490,860,928,35,22,232,485
"DUTCHESS","MIDDLE/HIGH","MALE",133,133,294,537,27,9,84,1,787,479,468,17,39,107,211
"ERIE","ELEMENTARY","FEMALE",869,869,1521,3768,8,12,20,8,1565,826,807,5,20,192,499
"ERIE","ELEMENTARY","FEMALE",869,869,1521,3768,1422,402,409,22,7406,4993,5121,388,453,1154,1688
"ERIE","ELEMENTARY","FEMALE",869,869,1521,3768,262,666,171,6,2115,1587,1797,135,164,338,1730
"ERIE","ELEMENTARY","FEMALE",869,869,1521,3768,157,843,201,7,914,1105,1178,0,161,343,1508
"ERIE","ELEMENTARY","FEMALE",869,869,1521,3768,10,6,37,13,1613,833,873,5,27,207,606
"ERIE","ELEMENTARY","FEMALE",869,869,1521,3768,12,17,82,324,1736,1086,1156,1,71,436,1166
"ERIE","ELEMENTARY","FEMALE",869,869,1521,3768,102,48,142,11,2466,1431,1481,46,143,364,711
"ERIE","ELEMENTARY","FEMALE",869,869,1521,3768,29,35,90,9,3225,1754,1721,8,87,566,855
"ERIE","ELEMENTARY","FEMALE",869,869,1521,3768,58,52,250,13,4199,2330,2423,39,181,783,1471
"ERIE","ELEMENTARY","FEMALE",869,869,1521,3768,52,289,269,9,1279,956,1021,334,79,353,1542
"ERIE","ELEMENTARY","FEMALE",869,869,1521,3768,102,66,181,12,5270,2830,2940,47,139,941,1095
"ERIE","ELEMENTARY","FEMALE",869,869,1521,3768,5,7,15,167,1140,691,695,6,52,163,582
"ERIE","ELEMENTARY","FEMALE",869,869,1521,3768,80,43,112,1,4398,2371,2379,26,116,710,679
"ERIE","ELEMENTARY","FEMALE",869,869,1521,3768,222,511,620,35,5088,3404,3490,207,418,1250,3397
"ERIE","ELEMENTARY","MALE",842,842,1627,3876,8,12,20,8,1565,826,807,5,20,192,499
"ERIE","ELEMENTARY","MALE",842,842,1627,3876,1422,402,409,22,7406,4993,5121,388,453,1154,1688
"ERIE","ELEMENTARY","MALE",842,842,1627,3876,262,666,171,6,2115,1587,1797,135,164,338,1730
"ERIE","ELEMENTARY","MALE",842,842,1627,3876,157,843,201,7,914,1105,1178,0,161,343,1508
"ERIE","ELEMENTARY","MALE",842,842,1627,3876,10,6,37,13,1613,833,873,5,27,207,606
"ERIE","ELEMENTARY","MALE",842,842,1627,3876,12,17,82,324,1736,1086,1156,1,71,436,1166
"ERIE","ELEMENTARY","MALE",842,842,1627,3876,102,48,142,11,2466,1431,1481,46,143,364,711
"ERIE","ELEMENTARY","MALE",842,842,1627,3876,29,35,90,9,3225,1754,1721,8,87,566,855
"ERIE","ELEMENTARY","MALE",842,842,1627,3876,58,52,250,13,4199,2330,2423,39,181,783,1471
"ERIE","ELEMENTARY","MALE",842,842,1627,3876,52,289,269,9,1279,956,1021,334,79,353,1542
"ERIE","ELEMENTARY","MALE",842,842,1627,3876,102,66,181,12,5270,2830,2940,47,139,941,1095
"ERIE","ELEMENTARY","MALE",842,842,1627,3876,5,7,15,167,1140,691,695,6,52,163,582
"ERIE","ELEMENTARY","MALE",842,842,1627,3876,80,43,112,1,4398,2371,2379,26,116,710,679
"ERIE","ELEMENTARY","MALE",842,842,1627,3876,222,511,620,35,5088,3404,3490,207,418,1250,3397
"ERIE","MIDDLE/HIGH","FEMALE",609,609,1152,2321,8,12,20,8,1565,826,807,5,20,192,499
"ERIE","MIDDLE/HIGH","FEMALE",609,609,1152,2321,1422,402,409,22,7406,4993,5121,388,453,1154,1688
"ERIE","MIDDLE/HIGH","FEMALE",609,609,1152,2321,262,666,171,6,2115,1587,1797,135,164,338,1730
"ERIE","MIDDLE/HIGH","FEMALE",609,609,1152,2321,157,843,201,7,914,1105,1178,0,161,343,1508
"ERIE","MIDDLE/HIGH","FEMALE",609,609,1152,2321,10,6,37,13,1613,833,873,5,27,207,606
"ERIE","MIDDLE/HIGH","FEMALE",609,609,1152,2321,12,17,82,324,1736,1086,1156,1,71,436,1166
"ERIE","MIDDLE/HIGH","FEMALE",609,609,1152,2321,102,48,142,11,2466,1431,1481,46,143,364,711
"ERIE","MIDDLE/HIGH","FEMALE",609,609,1152,2321,29,35,90,9,3225,1754,1721,8,87,566,855
"ERIE","MIDDLE/HIGH","FEMALE",609,609,1152,2321,58,52,250,13,4199,2330,2423,39,181,783,1471
"ERIE","MIDDLE/HIGH","FEMALE",609,609,1152,2321,52,289,269,9,1279,956,1021,334,79,353,1542
"ERIE","MIDDLE/HIGH","FEMALE",609,609,1152,2321,102,66,181,12,5270,2830,2940,47,139,941,1095
"ERIE","MIDDLE/HIGH","FEMALE",609,609,1152,2321,5,7,15,167,1140,691,695,6,52,163,582
"ERIE","MIDDLE/HIGH","FEMALE",609,609,1152,2321,80,43,112,1,4398,2371,2379,26,116,710,679
"ERIE","MIDDLE/HIGH","FEMALE",609,609,1152,2321,222,511,620,35,5088,3404,3490,207,418,1250,3397
"ERIE","MIDDLE/HIGH","MALE",540,540,1190,2240,8,12,20,8,1565,826,807,5,20,192,499
"ERIE","MIDDLE/HIGH","MALE",540,540,1190,2240,1422,402,409,22,7406,4993,5121,388,453,1154,1688
"ERIE","MIDDLE/HIGH","MALE",540,540,1190,2240,262,666,171,6,2115,1587,1797,135,164,338,1730
"ERIE","MIDDLE/HIGH","MALE",540,540,1190,2240,157,843,201,7,914,1105,1178,0,161,343,1508
"ERIE","MIDDLE/HIGH","MALE",540,540,1190,2240,10,6,37,13,1613,833,873,5,27,207,606
"ERIE","MIDDLE/HIGH","MALE",540,540,1190,2240,12,17,82,324,1736,1086,1156,1,71,436,1166
"ERIE","MIDDLE/HIGH","MALE",540,540,1190,2240,102,48,142,11,2466,1431,1481,46,143,364,711
"ERIE","MIDDLE/HIGH","MALE",540,540,1190,2240,29,35,90,9,3225,1754,1721,8,87,566,855
"ERIE","MIDDLE/HIGH","MALE",540,540,1190,2240,58,52,250,13,4199,2330,2423,39,181,783,1471
"ERIE","MIDDLE/HIGH","MALE",540,540,1190,2240,52,289,269,9,1279,956,1021,334,79,353,1542
"ERIE","MIDDLE/HIGH","MALE",540,540,1190,2240,102,66,181,12,5270,2830,2940,47,139,941,1095
"ERIE","MIDDLE/HIGH","MALE",540,540,1190,2240,5,7,15,167,1140,691,695,6,52,163,582
"ERIE","MIDDLE/HIGH","MALE",540,540,1190,2240,80,43,112,1,4398,2371,2379,26,116,710,679
"ERIE","MIDDLE/HIGH","MALE",540,540,1190,2240,222,511,620,35,5088,3404,3490,207,418,1250,3397
"FRANKLIN","ELEMENTARY","FEMALE",54,54,136,148,4,1,14,3,706,369,380,0,21,119,380
"FRANKLIN","ELEMENTARY","FEMALE",54,54,136,148,1,1,34,869,475,724,731,0,75,209,1089
"FRANKLIN","ELEMENTARY","MALE",57,57,135,175,4,1,14,3,706,369,380,0,21,119,380
"FRANKLIN","ELEMENTARY","MALE",57,57,135,175,1,1,34,869,475,724,731,0,75,209,1089
"FRANKLIN","MIDDLE/HIGH","FEMALE",27,27,70,69,4,1,14,3,706,369,380,0,21,119,380
"FRANKLIN","MIDDLE/HIGH","FEMALE",27,27,70,69,1,1,34,869,475,724,731,0,75,209,1089
"FRANKLIN","MIDDLE/HIGH","MALE",27,27,82,68,4,1,14,3,706,369,380,0,21,119,380
"FRANKLIN","MIDDLE/HIGH","MALE",27,27,82,68,1,1,34,869,475,724,731,0,75,209,1089
"FULTON","ELEMENTARY","FEMALE",24,24,34,71,17,12,61,3,1424,729,821,11,33,183,783
"FULTON","ELEMENTARY","MALE",18,18,38,83,17,12,61,3,1424,729,821,11,33,183,783
"FULTON","MIDDLE/HIGH","FEMALE",17,17,30,34,17,12,61,3,1424,729,821,11,33,183,783
"FULTON","MIDDLE/HIGH","MALE",7,7,21,40,17,12,61,3,1424,729,821,11,33,183,783
"GENESEE","ELEMENTARY","FEMALE",36,36,91,155,22,298,213,26,1672,1084,1222,47,75,282,1338
"GENESEE","ELEMENTARY","MALE",39,39,94,169,22,298,213,26,1672,1084,1222,47,75,282,1338
"GENESEE","MIDDLE/HIGH","FEMALE",37,37,71,70,22,298,213,26,1672,1084,1222,47,75,282,1338
"GENESEE","MIDDLE/HIGH","MALE",32,32,72,106,22,298,213,26,1672,1084,1222,47,75,282,1338
"GREENE","ELEMENTARY","FEMALE",49,49,90,140,9,22,104,3,983,591,614,11,84,215,615
"GREENE","ELEMENTARY","FEMALE",49,49,90,140,9,35,96,1,1059,568,683,9,51,154,475
"GREENE","ELEMENTARY","MALE",61,61,124,151,9,22,104,3,983,591,614,11,84,215,615
"GREENE","ELEMENTARY","MALE",61,61,124,151,9,35,96,1,1059,568,683,9,51,154,475
"GREENE","MIDDLE/HIGH","FEMALE",31,31,76,86,9,22,104,3,983,591,614,11,84,215,615
"GREENE","MIDDLE/HIGH","FEMALE",31,31,76,86,9,35,96,1,1059,568,683,9,51,154,475
"GREENE","MIDDLE/HIGH","MALE",30,30,70,87,9,22,104,3,983,591,614,11,84,215,615
"GREENE","MIDDLE/HIGH","MALE",30,30,70,87,9,35,96,1,1059,568,683,9,51,154,475
"JEFFERSON","ELEMENTARY","FEMALE",151,151,328,724,11,14,34,4,1787,946,948,4,44,333,944
"JEFFERSON","ELEMENTARY","FEMALE",151,151,328,724,101,280,600,16,2441,1845,1872,96,279,533,1910
"JEFFERSON","ELEMENTARY","FEMALE",151,151,328,724,3,6,29,5,794,442,425,1,30,108,412
"JEFFERSON","ELEMENTARY","FEMALE",151,151,328,724,49,155,357,14,2374,1532,1659,40,242,542,1636
"JEFFERSON","ELEMENTARY","MALE",184,184,397,745,11,14,34,4,1787,946,948,4,44,333,944
"JEFFERSON","ELEMENTARY","MALE",184,184,397,745,101,280,600,16,2441,1845,1872,96,279,533,1910
"JEFFERSON","ELEMENTARY","MALE",184,184,397,745,3,6,29,5,794,442,425,1,30,108,412
"JEFFERSON","ELEMENTARY","MALE",184,184,397,745,49,155,357,14,2374,1532,1659,40,242,542,1636
"JEFFERSON","MIDDLE/HIGH","FEMALE",124,124,242,330,11,14,34,4,1787,946,948,4,44,333,944
"JEFFERSON","MIDDLE/HIGH","FEMALE",124,124,242,330,101,280,600,16,2441,1845,1872,96,279,533,1910
"JEFFERSON","MIDDLE/HIGH","FEMALE",124,124,242,330,3,6,29,5,794,442,425,1,30,108,412
"JEFFERSON","MIDDLE/HIGH","FEMALE",124,124,242,330,49,155,357,14,2374,1532,1659,40,242,542,1636
"JEFFERSON","MIDDLE/HIGH","MALE",114,114,275,363,11,14,34,4,1787,946,948,4,44,333,944
"JEFFERSON","MIDDLE/HIGH","MALE",114,114,275,363,101,280,600,16,2441,1845,1872,96,279,533,1910
"JEFFERSON","MIDDLE/HIGH","MALE",114,114,275,363,3,6,29,5,794,442,425,1,30,108,412
"JEFFERSON","MIDDLE/HIGH","MALE",114,114,275,363,49,155,357,14,2374,1532,1659,40,242,542,1636
"LIVINGSTON","ELEMENTARY","FEMALE",9,9,21,41,17,10,89,2,719,421,452,35,36,120,339
"LIVINGSTON","ELEMENTARY","MALE",9,9,21,65,17,10,89,2,719,421,452,35,36,120,339
"LIVINGSTON","MIDDLE/HIGH","FEMALE",13,13,22,37,17,10,89,2,719,421,452,35,36,120,339
"LIVINGSTON","MIDDLE/HIGH","MALE",10,10,22,41,17,10,89,2,719,421,452,35,36,120,339
"MADISON","ELEMENTARY","FEMALE",49,49,103,191,9,13,40,7,1164,641,652,7,60,188,682
"MADISON","ELEMENTARY","FEMALE",49,49,103,191,16,11,59,3,1745,933,971,3,70,295,755
"MADISON","ELEMENTARY","MALE",49,49,120,209,9,13,40,7,1164,641,652,7,60,188,682
"MADISON","ELEMENTARY","MALE",49,49,120,209,16,11,59,3,1745,933,971,3,70,295,755
"MADISON","MIDDLE/HIGH","FEMALE",46,46,98,106,9,13,40,7,1164,641,652,7,60,188,682
"MADISON","MIDDLE/HIGH","FEMALE",46,46,98,106,16,11,59,3,1745,933,971,3,70,295,755
"MADISON","MIDDLE/HIGH","MALE",42,42,99,117,9,13,40,7,1164,641,652,7,60,188,682
"MADISON","MIDDLE/HIGH","MALE",42,42,99,117,16,11,59,3,1745,933,971,3,70,295,755
"MONROE","ELEMENTARY","FEMALE",620,620,1123,2582,385,238,232,1,2395,1751,1767,151,267,405,687
"MONROE","ELEMENTARY","FEMALE",620,620,1123,2582,72,636,744,5,1367,1510,1534,121,220,314,1841
"MONROE","ELEMENTARY","FEMALE",620,620,1123,2582,114,340,448,9,2537,1733,1883,79,168,384,1272
"MONROE","ELEMENTARY","FEMALE",620,620,1123,2582,47,94,254,6,3885,2140,2270,24,124,487,1206
"MONROE","ELEMENTARY","FEMALE",620,620,1123,2582,4,74,132,4,732,490,517,10,61,179,521
"MONROE","ELEMENTARY","FEMALE",620,620,1123,2582,81,301,261,9,2886,1809,1944,56,215,389,1205
"MONROE","ELEMENTARY","FEMALE",620,620,1123,2582,834,752,440,10,3220,2760,2843,354,347,540,2382
"MONROE","ELEMENTARY","FEMALE",620,620,1123,2582,39,128,316,8,2635,1615,1693,41,182,482,1454
"MONROE","ELEMENTARY","FEMALE",620,620,1123,2582,244,312,582,13,6880,4039,4283,165,291,766,1823
"MONROE","ELEMENTARY","MALE",637,637,1257,2748,385,238,232,1,2395,1751,1767,151,267,405,687
"MONROE","ELEMENTARY","MALE",637,637,1257,2748,72,636,744,5,1367,1510,1534,121,220,314,1841
"MONROE","ELEMENTARY","MALE",637,637,1257,2748,114,340,448,9,2537,1733,1883,79,168,384,1272
"MONROE","ELEMENTARY","MALE",637,637,1257,2748,47,94,254,6,3885,2140,2270,24,124,487,1206
"MONROE","ELEMENTARY","MALE",637,637,1257,2748,4,74,132,4,732,490,517,10,61,179,521
"MONROE","ELEMENTARY","MALE",637,637,1257,2748,81,301,261,9,2886,1809,1944,56,215,389,1205
"MONROE","ELEMENTARY","MALE",637,637,1257,2748,834,752,440,10,3220,2760,2843,354,347,540,2382
"MONROE","ELEMENTARY","MALE",637,637,1257,2748,39,128,316,8,2635,1615,1693,41,182,482,1454
"MONROE","ELEMENTARY","MALE",637,637,1257,2748,244,312,582,13,6880,4039,4283,165,291,766,1823
"MONROE","MIDDLE/HIGH","FEMALE",479,479,911,1638,385,238,232,1,2395,1751,1767,151,267,405,687
"MONROE","MIDDLE/HIGH","FEMALE",479,479,911,1638,72,636,744,5,1367,1510,1534,121,220,314,1841
"MONROE","MIDDLE/HIGH","FEMALE",479,479,911,1638,114,340,448,9,2537,1733,1883,79,168,384,1272
"MONROE","MIDDLE/HIGH","FEMALE",479,479,911,1638,47,94,254,6,3885,2140,2270,24,124,487,1206
"MONROE","MIDDLE/HIGH","FEMALE",479,479,911,1638,4,74,132,4,732,490,517,10,61,179,521
"MONROE","MIDDLE/HIGH","FEMALE",479,479,911,1638,81,301,261,9,2886,1809,1944,56,215,389,1205
"MONROE","MIDDLE/HIGH","FEMALE",479,479,911,1638,834,752,440,10,3220,2760,2843,354,347,540,2382
"MONROE","MIDDLE/HIGH","FEMALE",479,479,911,1638,39,128,316,8,2635,1615,1693,41,182,482,1454
"MONROE","MIDDLE/HIGH","FEMALE",479,479,911,1638,244,312,582,13,6880,4039,4283,165,291,766,1823
"MONROE","MIDDLE/HIGH","MALE",461,461,968,1606,385,238,232,1,2395,1751,1767,151,267,405,687
"MONROE","MIDDLE/HIGH","MALE",461,461,968,1606,72,636,744,5,1367,1510,1534,121,220,314,1841
"MONROE","MIDDLE/HIGH","MALE",461,461,968,1606,114,340,448,9,2537,1733,1883,79,168,384,1272
"MONROE","MIDDLE/HIGH","MALE",461,461,968,1606,47,94,254,6,3885,2140,2270,24,124,487,1206
"MONROE","MIDDLE/HIGH","MALE",461,461,968,1606,4,74,132,4,732,490,517,10,61,179,521
"MONROE","MIDDLE/HIGH","MALE",461,461,968,1606,81,301,261,9,2886,1809,1944,56,215,389,1205
"MONROE","MIDDLE/HIGH","MALE",461,461,968,1606,834,752,440,10,3220,2760,2843,354,347,540,2382
"MONROE","MIDDLE/HIGH","MALE",461,461,968,1606,39,128,316,8,2635,1615,1693,41,182,482,1454
"MONROE","MIDDLE/HIGH","MALE",461,461,968,1606,244,312,582,13,6880,4039,4283,165,291,766,1823
"MONTGOMERY","ELEMENTARY","FEMALE",77,77,158,223,48,176,1885,16,1571,1905,1965,237,174,585,2616
"MONTGOMERY","ELEMENTARY","MALE",69,69,165,220,48,176,1885,16,1571,1905,1965,237,174,585,2616
"MONTGOMERY","MIDDLE/HIGH","FEMALE",23,23,72,66,48,176,1885,16,1571,1905,1965,237,174,585,2616
"MONTGOMERY","MIDDLE/HIGH","MALE",27,27,72,94,48,176,1885,16,1571,1905,1965,237,174,585,2616
"NASSAU","ELEMENTARY","FEMALE",1223,1223,2238,5472,90,2537,4274,4,105,3466,3590,1349,46,766,4340
"NASSAU","ELEMENTARY","FEMALE",1223,1223,2238,5472,1773,333,1575,5,3499,3598,3642,237,55,845,1771
"NASSAU","ELEMENTARY","FEMALE",1223,1223,2238,5472,843,104,1579,12,4598,3540,3701,188,105,835,1417
"NASSAU","ELEMENTARY","FEMALE",1223,1223,2238,5472,54,18,178,1,1970,1103,1146,26,28,326,272
"NASSAU","ELEMENTARY","FEMALE",1223,1223,2238,5472,62,1511,4952,29,394,3344,3724,1491,120,940,4250
"NASSAU","ELEMENTARY","FEMALE",1223,1223,2238,5472,455,412,565,13,465,914,1050,128,54,265,717
"NASSAU","ELEMENTARY","FEMALE",1223,1223,2238,5472,114,435,1624,26,319,1200,1331,519,13,428,1913
"NASSAU","ELEMENTARY","FEMALE",1223,1223,2238,5472,85,224,525,1,2632,1725,1856,45,114,478,514
"NASSAU","ELEMENTARY","FEMALE",1223,1223,2238,5472,274,45,257,3,862,726,753,33,38,222,220
"NASSAU","ELEMENTARY","FEMALE",1223,1223,2238,5472,124,369,813,3,403,829,932,183,49,317,896
"NASSAU","ELEMENTARY","FEMALE",1223,1223,2238,5472,91,37,164,2,861,572,605,30,22,181,121
"NASSAU","ELEMENTARY","FEMALE",1223,1223,2238,5472,387,534,422,8,69,720,744,114,44,138,706
"NASSAU","ELEMENTARY","FEMALE",1223,1223,2238,5472,619,105,271,2,2169,1583,1633,0,50,317,460
"NASSAU","ELEMENTARY","FEMALE",1223,1223,2238,5472,1057,9,264,5,413,861,924,130,37,179,373
"NASSAU","ELEMENTARY","FEMALE",1223,1223,2238,5472,2959,70,618,2,3010,3245,3591,351,177,1023,1349
"NASSAU","ELEMENTARY","FEMALE",1223,1223,2238,5472,163,7,317,6,1960,1227,1321,0,95,356,1
"NASSAU","ELEMENTARY","FEMALE",1223,1223,2238,5472,1268,10,302,1,3287,2409,2547,124,88,698,549
"NASSAU","ELEMENTARY","FEMALE",1223,1223,2238,5472,2015,71,95,3,931,1465,1690,151,40,338,388
"NASSAU","ELEMENTARY","FEMALE",1223,1223,2238,5472,1941,128,1812,9,1392,2582,2810,526,110,668,1848
"NASSAU","ELEMENTARY","FEMALE",1223,1223,2238,5472,122,27,432,11,6004,3376,3337,28,117,827,593
"NASSAU","ELEMENTARY","MALE",1325,1325,2704,5794,90,2537,4274,4,105,3466,3590,1349,46,766,4340
"NASSAU","ELEMENTARY","MALE",1325,1325,2704,5794,1773,333,1575,5,3499,3598,3642,237,55,845,1771
"NASSAU","ELEMENTARY","MALE",1325,1325,2704,5794,843,104,1579,12,4598,3540,3701,188,105,835,1417
"NASSAU","ELEMENTARY","MALE",1325,1325,2704,5794,54,18,178,1,1970,1103,1146,26,28,326,272
"NASSAU","ELEMENTARY","MALE",1325,1325,2704,5794,62,1511,4952,29,394,3344,3724,1491,120,940,4250
"NASSAU","ELEMENTARY","MALE",1325,1325,2704,5794,455,412,565,13,465,914,1050,128,54,265,717
"NASSAU","ELEMENTARY","MALE",1325,1325,2704,5794,114,435,1624,26,319,1200,1331,519,13,428,1913
"NASSAU","ELEMENTARY","MALE",1325,1325,2704,5794,85,224,525,1,2632,1725,1856,45,114,478,514
"NASSAU","ELEMENTARY","MALE",1325,1325,2704,5794,274,45,257,3,862,726,753,33,38,222,220
"NASSAU","ELEMENTARY","MALE",1325,1325,2704,5794,124,369,813,3,403,829,932,183,49,317,896
"NASSAU","ELEMENTARY","MALE",1325,1325,2704,5794,91,37,164,2,861,572,605,30,22,181,121
"NASSAU","ELEMENTARY","MALE",1325,1325,2704,5794,387,534,422,8,69,720,744,114,44,138,706
"NASSAU","ELEMENTARY","MALE",1325,1325,2704,5794,619,105,271,2,2169,1583,1633,0,50,317,460
"NASSAU","ELEMENTARY","MALE",1325,1325,2704,5794,1057,9,264,5,413,861,924,130,37,179,373
"NASSAU","ELEMENTARY","MALE",1325,1325,2704,5794,2959,70,618,2,3010,3245,3591,351,177,1023,1349
"NASSAU","ELEMENTARY","MALE",1325,1325,2704,5794,163,7,317,6,1960,1227,1321,0,95,356,1
"NASSAU","ELEMENTARY","MALE",1325,1325,2704,5794,1268,10,302,1,3287,2409,2547,124,88,698,549
"NASSAU","ELEMENTARY","MALE",1325,1325,2704,5794,58,40,414,4,996,776,789,153,53,220,420
"NASSAU","ELEMENTARY","MALE",1325,1325,2704,5794,2015,71,95,3,931,1465,1690,151,40,338,388
"NASSAU","ELEMENTARY","MALE",1325,1325,2704,5794,1941,128,1812,9,1392,2582,2810,526,110,668,1848
"NASSAU","ELEMENTARY","MALE",1325,1325,2704,5794,122,27,432,11,6004,3376,3337,28,117,827,593
"NASSAU","MIDDLE/HIGH","FEMALE",873,873,1455,3074,90,2537,4274,4,105,3466,3590,1349,46,766,4340
"NASSAU","MIDDLE/HIGH","FEMALE",873,873,1455,3074,1773,333,1575,5,3499,3598,3642,237,55,845,1771
"NASSAU","MIDDLE/HIGH","FEMALE",873,873,1455,3074,843,104,1579,12,4598,3540,3701,188,105,835,1417
"NASSAU","MIDDLE/HIGH","FEMALE",873,873,1455,3074,54,18,178,1,1970,1103,1146,26,28,326,272
"NASSAU","MIDDLE/HIGH","FEMALE",873,873,1455,3074,62,1511,4952,29,394,3344,3724,1491,120,940,4250
"NASSAU","MIDDLE/HIGH","FEMALE",873,873,1455,3074,114,435,1624,26,319,1200,1331,519,13,428,1913
"NASSAU","MIDDLE/HIGH","FEMALE",873,873,1455,3074,85,224,525,1,2632,1725,1856,45,114,478,514
"NASSAU","MIDDLE/HIGH","FEMALE",873,873,1455,3074,124,369,813,3,403,829,932,183,49,317,896
"NASSAU","MIDDLE/HIGH","FEMALE",873,873,1455,3074,619,105,271,2,2169,1583,1633,0,50,317,460
"NASSAU","MIDDLE/HIGH","FEMALE",873,873,1455,3074,2959,70,618,2,3010,3245,3591,351,177,1023,1349
"NASSAU","MIDDLE/HIGH","FEMALE",873,873,1455,3074,163,7,317,6,1960,1227,1321,0,95,356,1
"NASSAU","MIDDLE/HIGH","FEMALE",873,873,1455,3074,1268,10,302,1,3287,2409,2547,124,88,698,549
"NASSAU","MIDDLE/HIGH","FEMALE",873,873,1455,3074,58,40,414,4,996,776,789,153,53,220,420
"NASSAU","MIDDLE/HIGH","FEMALE",873,873,1455,3074,2015,71,95,3,931,1465,1690,151,40,338,388
"NASSAU","MIDDLE/HIGH","FEMALE",873,873,1455,3074,1941,128,1812,9,1392,2582,2810,526,110,668,1848
"NASSAU","MIDDLE/HIGH","FEMALE",873,873,1455,3074,122,27,432,11,6004,3376,3337,28,117,827,593
"NASSAU","MIDDLE/HIGH","MALE",845,845,1684,3090,90,2537,4274,4,105,3466,3590,1349,46,766,4340
"NASSAU","MIDDLE/HIGH","MALE",845,845,1684,3090,1773,333,1575,5,3499,3598,3642,237,55,845,1771
"NASSAU","MIDDLE/HIGH","MALE",845,845,1684,3090,843,104,1579,12,4598,3540,3701,188,105,835,1417
"NASSAU","MIDDLE/HIGH","MALE",845,845,1684,3090,54,18,178,1,1970,1103,1146,26,28,326,272
"NASSAU","MIDDLE/HIGH","MALE",845,845,1684,3090,62,1511,4952,29,394,3344,3724,1491,120,940,4250
"NASSAU","MIDDLE/HIGH","MALE",845,845,1684,3090,114,435,1624,26,319,1200,1331,519,13,428,1913
"NASSAU","MIDDLE/HIGH","MALE",845,845,1684,3090,85,224,525,1,2632,1725,1856,45,114,478,514
"NASSAU","MIDDLE/HIGH","MALE",845,845,1684,3090,124,369,813,3,403,829,932,183,49,317,896
"NASSAU","MIDDLE/HIGH","MALE",845,845,1684,3090,619,105,271,2,2169,1583,1633,0,50,317,460
"NASSAU","MIDDLE/HIGH","MALE",845,845,1684,3090,2959,70,618,2,3010,3245,3591,351,177,1023,1349
"NASSAU","MIDDLE/HIGH","MALE",845,845,1684,3090,163,7,317,6,1960,1227,1321,0,95,356,1
"NASSAU","MIDDLE/HIGH","MALE",845,845,1684,3090,1268,10,302,1,3287,2409,2547,124,88,698,549
"NASSAU","MIDDLE/HIGH","MALE",845,845,1684,3090,58,40,414,4,996,776,789,153,53,220,420
"NASSAU","MIDDLE/HIGH","MALE",845,845,1684,3090,2015,71,95,3,931,1465,1690,151,40,338,388
"NASSAU","MIDDLE/HIGH","MALE",845,845,1684,3090,1941,128,1812,9,1392,2582,2810,526,110,668,1848
"NASSAU","MIDDLE/HIGH","MALE",845,845,1684,3090,122,27,432,11,6004,3376,3337,28,117,827,593
"NIAGARA","ELEMENTARY","FEMALE",143,143,289,703,39,26,50,6,1809,948,1045,13,63,341,464
"NIAGARA","ELEMENTARY","FEMALE",143,143,289,703,25,475,427,21,3186,2208,2294,42,368,794,2563
"NIAGARA","ELEMENTARY","FEMALE",143,143,289,703,34,21,53,6,2749,1460,1486,30,83,328,529
"NIAGARA","ELEMENTARY","FEMALE",143,143,289,703,2,5,33,11,977,515,560,13,47,149,459
"NIAGARA","ELEMENTARY","MALE",124,124,282,628,39,26,50,6,1809,948,1045,13,63,341,464
"NIAGARA","ELEMENTARY","MALE",124,124,282,628,25,475,427,21,3186,2208,2294,42,368,794,2563
"NIAGARA","ELEMENTARY","MALE",124,124,282,628,34,21,53,6,2749,1460,1486,30,83,328,529
"NIAGARA","MIDDLE/HIGH","FEMALE",142,142,217,411,39,26,50,6,1809,948,1045,13,63,341,464
"NIAGARA","MIDDLE/HIGH","FEMALE",142,142,217,411,25,475,427,21,3186,2208,2294,42,368,794,2563
"NIAGARA","MIDDLE/HIGH","FEMALE",142,142,217,411,34,21,53,6,2749,1460,1486,30,83,328,529
"NIAGARA","MIDDLE/HIGH","FEMALE",142,142,217,411,2,5,33,11,977,515,560,13,47,149,459
"NIAGARA","MIDDLE/HIGH","MALE",117,117,266,458,39,26,50,6,1809,948,1045,13,63,341,464
"NIAGARA","MIDDLE/HIGH","MALE",117,117,266,458,25,475,427,21,3186,2208,2294,42,368,794,2563
"NIAGARA","MIDDLE/HIGH","MALE",117,117,266,458,34,21,53,6,2749,1460,1486,30,83,328,529
"NIAGARA","MIDDLE/HIGH","MALE",117,117,266,458,2,5,33,11,977,515,560,13,47,149,459
"ONEIDA","ELEMENTARY","FEMALE",191,191,435,745,10,15,21,1,480,274,267,4,14,67,258
"ONEIDA","ELEMENTARY","FEMALE",191,191,435,745,5,5,32,1,903,498,477,4,29,105,383
"ONEIDA","ELEMENTARY","FEMALE",191,191,435,745,71,458,489,14,4443,2745,2868,67,138,1024,3625
"ONEIDA","ELEMENTARY","FEMALE",191,191,435,745,39,43,134,2,2826,1544,1599,37,99,471,1120
"ONEIDA","ELEMENTARY","MALE",187,187,425,787,10,15,21,1,480,274,267,4,14,67,258
"ONEIDA","ELEMENTARY","MALE",187,187,425,787,5,5,32,1,903,498,477,4,29,105,383
"ONEIDA","ELEMENTARY","MALE",187,187,425,787,71,458,489,14,4443,2745,2868,67,138,1024,3625
"ONEIDA","ELEMENTARY","MALE",187,187,425,787,39,43,134,2,2826,1544,1599,37,99,471,1120
"ONEIDA","MIDDLE/HIGH","FEMALE",66,66,192,315,5,5,32,1,903,498,477,4,29,105,383
"ONEIDA","MIDDLE/HIGH","FEMALE",66,66,192,315,71,458,489,14,4443,2745,2868,67,138,1024,3625
"ONEIDA","MIDDLE/HIGH","FEMALE",66,66,192,315,39,43,134,2,2826,1544,1599,37,99,471,1120
"ONEIDA","MIDDLE/HIGH","MALE",78,78,227,349,5,5,32,1,903,498,477,4,29,105,383
"ONEIDA","MIDDLE/HIGH","MALE",78,78,227,349,71,458,489,14,4443,2745,2868,67,138,1024,3625
"ONEIDA","MIDDLE/HIGH","MALE",78,78,227,349,39,43,134,2,2826,1544,1599,37,99,471,1120
"ONONDAGA","ELEMENTARY","FEMALE",633,633,1273,2450,110,178,97,20,2900,1659,1752,71,106,586,1362
"ONONDAGA","ELEMENTARY","FEMALE",633,633,1273,2450,254,195,104,9,1977,1289,1405,72,155,277,684
"ONONDAGA","ELEMENTARY","FEMALE",633,633,1273,2450,8,2,17,1,577,309,302,9,6,51,213
"ONONDAGA","ELEMENTARY","FEMALE",633,633,1273,2450,11,108,135,23,1045,720,733,59,131,229,962
"ONONDAGA","ELEMENTARY","FEMALE",633,633,1273,2450,46,122,232,12,4720,2573,2816,29,257,758,1511
"ONONDAGA","ELEMENTARY","FEMALE",633,633,1273,2450,442,118,134,13,3370,2093,2110,35,126,391,622
"ONONDAGA","ELEMENTARY","FEMALE",633,633,1273,2450,5,92,41,28,611,432,398,19,53,118,412
"ONONDAGA","ELEMENTARY","FEMALE",633,633,1273,2450,1529,10230,2991,215,4566,10154,10903,3382,1526,4222,15638
"ONONDAGA","ELEMENTARY","FEMALE",633,633,1273,2450,6,5,12,7,721,361,409,4,19,92,260
"ONONDAGA","ELEMENTARY","MALE",619,619,1371,2671,110,178,97,20,2900,1659,1752,71,106,586,1362
"ONONDAGA","ELEMENTARY","MALE",619,619,1371,2671,254,195,104,9,1977,1289,1405,72,155,277,684
"ONONDAGA","ELEMENTARY","MALE",619,619,1371,2671,8,2,17,1,577,309,302,9,6,51,213
"ONONDAGA","ELEMENTARY","MALE",619,619,1371,2671,11,108,135,23,1045,720,733,59,131,229,962
"ONONDAGA","ELEMENTARY","MALE",619,619,1371,2671,46,122,232,12,4720,2573,2816,29,257,758,1511
"ONONDAGA","ELEMENTARY","MALE",619,619,1371,2671,442,118,134,13,3370,2093,2110,35,126,391,622
"ONONDAGA","ELEMENTARY","MALE",619,619,1371,2671,5,92,41,28,611,432,398,19,53,118,412
"ONONDAGA","ELEMENTARY","MALE",619,619,1371,2671,1529,10230,2991,215,4566,10154,10903,3382,1526,4222,15638
"ONONDAGA","ELEMENTARY","MALE",619,619,1371,2671,6,5,12,7,721,361,409,4,19,92,260
"ONONDAGA","MIDDLE/HIGH","FEMALE",428,428,883,1243,110,178,97,20,2900,1659,1752,71,106,586,1362
"ONONDAGA","MIDDLE/HIGH","FEMALE",428,428,883,1243,254,195,104,9,1977,1289,1405,72,155,277,684
"ONONDAGA","MIDDLE/HIGH","FEMALE",428,428,883,1243,8,2,17,1,577,309,302,9,6,51,213
"ONONDAGA","MIDDLE/HIGH","FEMALE",428,428,883,1243,11,108,135,23,1045,720,733,59,131,229,962
"ONONDAGA","MIDDLE/HIGH","FEMALE",428,428,883,1243,46,122,232,12,4720,2573,2816,29,257,758,1511
"ONONDAGA","MIDDLE/HIGH","FEMALE",428,428,883,1243,442,118,134,13,3370,2093,2110,35,126,391,622
"ONONDAGA","MIDDLE/HIGH","FEMALE",428,428,883,1243,5,92,41,28,611,432,398,19,53,118,412
"ONONDAGA","MIDDLE/HIGH","FEMALE",428,428,883,1243,1529,10230,2991,215,4566,10154,10903,3382,1526,4222,15638
"ONONDAGA","MIDDLE/HIGH","FEMALE",428,428,883,1243,6,5,12,7,721,361,409,4,19,92,260
"ONONDAGA","MIDDLE/HIGH","MALE",314,314,821,1389,110,178,97,20,2900,1659,1752,71,106,586,1362
"ONONDAGA","MIDDLE/HIGH","MALE",314,314,821,1389,254,195,104,9,1977,1289,1405,72,155,277,684
"ONONDAGA","MIDDLE/HIGH","MALE",314,314,821,1389,8,2,17,1,577,309,302,9,6,51,213
"ONONDAGA","MIDDLE/HIGH","MALE",314,314,821,1389,11,108,135,23,1045,720,733,59,131,229,962
"ONONDAGA","MIDDLE/HIGH","MALE",314,314,821,1389,46,122,232,12,4720,2573,2816,29,257,758,1511
"ONONDAGA","MIDDLE/HIGH","MALE",314,314,821,1389,442,118,134,13,3370,2093,2110,35,126,391,622
"ONONDAGA","MIDDLE/HIGH","MALE",314,314,821,1389,5,92,41,28,611,432,398,19,53,118,412
"ONONDAGA","MIDDLE/HIGH","MALE",314,314,821,1389,1529,10230,2991,215,4566,10154,10903,3382,1526,4222,15638
"ONONDAGA","MIDDLE/HIGH","MALE",314,314,821,1389,6,5,12,7,721,361,409,4,19,92,260
"ONTARIO","ELEMENTARY","FEMALE",180,180,293,672,42,233,708,1,935,1097,1077,195,255,269,1299
"ONTARIO","ELEMENTARY","FEMALE",180,180,293,672,4,3,22,1,1133,559,611,2,7,181,642
"ONTARIO","ELEMENTARY","FEMALE",180,180,293,672,4,2,51,2,705,378,421,5,35,94,394
"ONTARIO","ELEMENTARY","FEMALE",180,180,293,672,127,118,322,17,3656,2204,2218,104,182,496,953
"ONTARIO","ELEMENTARY","MALE",161,161,266,641,42,233,708,1,935,1097,1077,195,255,269,1299
"ONTARIO","ELEMENTARY","MALE",161,161,266,641,4,3,22,1,1133,559,611,2,7,181,642
"ONTARIO","ELEMENTARY","MALE",161,161,266,641,4,2,51,2,705,378,421,5,35,94,394
"ONTARIO","ELEMENTARY","MALE",161,161,266,641,127,118,322,17,3656,2204,2218,104,182,496,953
"ONTARIO","MIDDLE/HIGH","FEMALE",92,92,193,400,42,233,708,1,935,1097,1077,195,255,269,1299
"ONTARIO","MIDDLE/HIGH","FEMALE",92,92,193,400,4,3,22,1,1133,559,611,2,7,181,642
"ONTARIO","MIDDLE/HIGH","FEMALE",92,92,193,400,4,2,51,2,705,378,421,5,35,94,394
"ONTARIO","MIDDLE/HIGH","FEMALE",92,92,193,400,127,118,322,17,3656,2204,2218,104,182,496,953
"ONTARIO","MIDDLE/HIGH","MALE",94,94,218,372,42,233,708,1,935,1097,1077,195,255,269,1299
"ONTARIO","MIDDLE/HIGH","MALE",94,94,218,372,4,3,22,1,1133,559,611,2,7,181,642
"ONTARIO","MIDDLE/HIGH","MALE",94,94,218,372,4,2,51,2,705,378,421,5,35,94,394
"ONTARIO","MIDDLE/HIGH","MALE",94,94,218,372,127,118,322,17,3656,2204,2218,104,182,496,953
"ORANGE","ELEMENTARY","FEMALE",492,492,995,1961,95,357,996,10,2355,1944,1973,56,104,489,1187
"ORANGE","ELEMENTARY","FEMALE",492,492,995,1961,157,188,651,6,2001,1469,1633,47,99,378,622
"ORANGE","ELEMENTARY","FEMALE",492,492,995,1961,444,563,2202,10,3077,3196,3270,351,170,1053,2118
"ORANGE","ELEMENTARY","FEMALE",492,492,995,1961,261,2517,6367,29,1921,5554,6005,1648,464,1713,7014
"ORANGE","ELEMENTARY","FEMALE",492,492,995,1961,83,136,551,4,2669,1751,1818,55,126,482,726
"ORANGE","ELEMENTARY","MALE",504,504,1144,1928,95,357,996,10,2355,1944,1973,56,104,489,1187
"ORANGE","ELEMENTARY","MALE",504,504,1144,1928,157,188,651,6,2001,1469,1633,47,99,378,622
"ORANGE","ELEMENTARY","MALE",504,504,1144,1928,444,563,2202,10,3077,3196,3270,351,170,1053,2118
"ORANGE","ELEMENTARY","MALE",504,504,1144,1928,261,2517,6367,29,1921,5554,6005,1648,464,1713,7014
"ORANGE","ELEMENTARY","MALE",504,504,1144,1928,83,136,551,4,2669,1751,1818,55,126,482,726
"ORANGE","MIDDLE/HIGH","FEMALE",381,381,711,1073,95,357,996,10,2355,1944,1973,56,104,489,1187
"ORANGE","MIDDLE/HIGH","FEMALE",381,381,711,1073,157,188,651,6,2001,1469,1633,47,99,378,622
"ORANGE","MIDDLE/HIGH","FEMALE",381,381,711,1073,444,563,2202,10,3077,3196,3270,351,170,1053,2118
"ORANGE","MIDDLE/HIGH","FEMALE",381,381,711,1073,261,2517,6367,29,1921,5554,6005,1648,464,1713,7014
"ORANGE","MIDDLE/HIGH","FEMALE",381,381,711,1073,83,136,551,4,2669,1751,1818,55,126,482,726
"ORANGE","MIDDLE/HIGH","MALE",335,335,807,1197,95,357,996,10,2355,1944,1973,56,104,489,1187
"ORANGE","MIDDLE/HIGH","MALE",335,335,807,1197,157,188,651,6,2001,1469,1633,47,99,378,622
"ORANGE","MIDDLE/HIGH","MALE",335,335,807,1197,444,563,2202,10,3077,3196,3270,351,170,1053,2118
"ORANGE","MIDDLE/HIGH","MALE",335,335,807,1197,261,2517,6367,29,1921,5554,6005,1648,464,1713,7014
"ORANGE","MIDDLE/HIGH","MALE",335,335,807,1197,83,136,551,4,2669,1751,1818,55,126,482,726
"ORLEANS","ELEMENTARY","FEMALE",30,30,77,120,1,4,41,1,650,351,370,2,24,113,383
"ORLEANS","ELEMENTARY","FEMALE",30,30,77,120,5,11,76,1,827,493,485,9,58,137,520
"ORLEANS","ELEMENTARY","MALE",34,34,74,122,1,4,41,1,650,351,370,2,24,113,383
"ORLEANS","ELEMENTARY","MALE",34,34,74,122,5,11,76,1,827,493,485,9,58,137,520
"ORLEANS","MIDDLE/HIGH","FEMALE",23,23,59,62,1,4,41,1,650,351,370,2,24,113,383
"ORLEANS","MIDDLE/HIGH","FEMALE",23,23,59,62,5,11,76,1,827,493,485,9,58,137,520
"ORLEANS","MIDDLE/HIGH","MALE",20,20,61,66,1,4,41,1,650,351,370,2,24,113,383
"ORLEANS","MIDDLE/HIGH","MALE",20,20,61,66,5,11,76,1,827,493,485,9,58,137,520
"OSWEGO","ELEMENTARY","FEMALE",165,165,347,527,6,8,18,6,1063,569,562,0,30,231,746
"OSWEGO","ELEMENTARY","FEMALE",165,165,347,527,19,39,190,8,3016,1619,1742,37,89,591,2088
"OSWEGO","ELEMENTARY","FEMALE",165,165,347,527,2,7,25,3,1261,621,689,7,12,200,946
"OSWEGO","ELEMENTARY","FEMALE",165,165,347,527,5,3,10,3,748,361,423,1,15,103,383
"OSWEGO","ELEMENTARY","FEMALE",165,165,347,527,6,9,24,2,1615,838,866,1,48,172,885
"OSWEGO","ELEMENTARY","MALE",163,163,364,635,6,8,18,6,1063,569,562,0,30,231,746
"OSWEGO","ELEMENTARY","MALE",163,163,364,635,19,39,190,8,3016,1619,1742,37,89,591,2088
"OSWEGO","ELEMENTARY","MALE",163,163,364,635,2,7,25,3,1261,621,689,7,12,200,946
"OSWEGO","ELEMENTARY","MALE",163,163,364,635,5,3,10,3,748,361,423,1,15,103,383
"OSWEGO","ELEMENTARY","MALE",163,163,364,635,6,9,24,2,1615,838,866,1,48,172,885
"OSWEGO","MIDDLE/HIGH","FEMALE",94,94,247,284,6,8,18,6,1063,569,562,0,30,231,746
"OSWEGO","MIDDLE/HIGH","FEMALE",94,94,247,284,19,39,190,8,3016,1619,1742,37,89,591,2088
"OSWEGO","MIDDLE/HIGH","FEMALE",94,94,247,284,2,7,25,3,1261,621,689,7,12,200,946
"OSWEGO","MIDDLE/HIGH","FEMALE",94,94,247,284,5,3,10,3,748,361,423,1,15,103,383
"OSWEGO","MIDDLE/HIGH","FEMALE",94,94,247,284,6,9,24,2,1615,838,866,1,48,172,885
"OSWEGO","MIDDLE/HIGH","MALE",98,98,248,279,6,8,18,6,1063,569,562,0,30,231,746
"OSWEGO","MIDDLE/HIGH","MALE",98,98,248,279,19,39,190,8,3016,1619,1742,37,89,591,2088
"OSWEGO","MIDDLE/HIGH","MALE",98,98,248,279,2,7,25,3,1261,621,689,7,12,200,946
"OSWEGO","MIDDLE/HIGH","MALE",98,98,248,279,5,3,10,3,748,361,423,1,15,103,383
"OSWEGO","MIDDLE/HIGH","MALE",98,98,248,279,6,9,24,2,1615,838,866,1,48,172,885
"OTSEGO","ELEMENTARY","FEMALE",36,36,80,169,71,101,158,1,1438,881,949,18,61,328,434
"OTSEGO","ELEMENTARY","FEMALE",36,36,80,169,27,15,26,1,746,405,413,0,3,88,231
"OTSEGO","ELEMENTARY","MALE",31,31,70,218,71,101,158,1,1438,881,949,18,61,328,434
"OTSEGO","ELEMENTARY","MALE",31,31,70,218,27,15,26,1,746,405,413,0,3,88,231
"OTSEGO","MIDDLE/HIGH","FEMALE",33,33,57,148,71,101,158,1,1438,881,949,18,61,328,434
"OTSEGO","MIDDLE/HIGH","FEMALE",33,33,57,148,27,15,26,1,746,405,413,0,3,88,231
"OTSEGO","MIDDLE/HIGH","MALE",29,29,71,130,71,101,158,1,1438,881,949,18,61,328,434
"OTSEGO","MIDDLE/HIGH","MALE",29,29,71,130,27,15,26,1,746,405,413,0,3,88,231
"PUTNAM","ELEMENTARY","FEMALE",106,106,215,448,91,107,1170,7,2478,1945,2028,158,120,608,1257
"PUTNAM","ELEMENTARY","FEMALE",106,106,215,448,31,12,80,1,657,373,421,12,13,99,134
"PUTNAM","ELEMENTARY","FEMALE",106,106,215,448,87,74,1256,4,1561,1450,1616,361,84,411,1212
"PUTNAM","ELEMENTARY","MALE",120,120,263,421,91,107,1170,7,2478,1945,2028,158,120,608,1257
"PUTNAM","ELEMENTARY","MALE",120,120,263,421,87,74,1256,4,1561,1450,1616,361,84,411,1212
"PUTNAM","MIDDLE/HIGH","FEMALE",104,104,198,252,91,107,1170,7,2478,1945,2028,158,120,608,1257
"PUTNAM","MIDDLE/HIGH","FEMALE",104,104,198,252,87,74,1256,4,1561,1450,1616,361,84,411,1212
"PUTNAM","MIDDLE/HIGH","MALE",99,99,231,351,91,107,1170,7,2478,1945,2028,158,120,608,1257
"PUTNAM","MIDDLE/HIGH","MALE",99,99,231,351,31,12,80,1,657,373,421,12,13,99,134
"PUTNAM","MIDDLE/HIGH","MALE",99,99,231,351,87,74,1256,4,1561,1450,1616,361,84,411,1212
"RENSSELAER","ELEMENTARY","FEMALE",194,194,350,570,274,131,231,8,3225,2038,2050,56,219,587,1037
"RENSSELAER","ELEMENTARY","FEMALE",194,194,350,570,23,21,90,1,2434,1328,1337,13,96,448,658
"RENSSELAER","ELEMENTARY","FEMALE",194,194,350,570,70,1221,774,9,1624,2046,2092,116,440,744,3074
"RENSSELAER","ELEMENTARY","MALE",166,166,314,692,274,131,231,8,3225,2038,2050,56,219,587,1037
"RENSSELAER","ELEMENTARY","MALE",166,166,314,692,23,21,90,1,2434,1328,1337,13,96,448,658
"RENSSELAER","ELEMENTARY","MALE",166,166,314,692,70,1221,774,9,1624,2046,2092,116,440,744,3074
"RENSSELAER","MIDDLE/HIGH","FEMALE",146,146,255,434,274,131,231,8,3225,2038,2050,56,219,587,1037
"RENSSELAER","MIDDLE/HIGH","FEMALE",146,146,255,434,23,21,90,1,2434,1328,1337,13,96,448,658
"RENSSELAER","MIDDLE/HIGH","FEMALE",146,146,255,434,70,1221,774,9,1624,2046,2092,116,440,744,3074
"RENSSELAER","MIDDLE/HIGH","MALE",122,122,244,503,274,131,231,8,3225,2038,2050,56,219,587,1037
"RENSSELAER","MIDDLE/HIGH","MALE",122,122,244,503,23,21,90,1,2434,1328,1337,13,96,448,658
"RENSSELAER","MIDDLE/HIGH","MALE",122,122,244,503,70,1221,774,9,1624,2046,2092,116,440,744,3074
"ROCKLAND","ELEMENTARY","FEMALE",240,240,499,1018,362,159,622,2,1063,1116,1146,151,54,270,603
"ROCKLAND","ELEMENTARY","FEMALE",240,240,499,1018,281,1090,4854,16,1849,4024,4156,1109,90,1183,4464
"ROCKLAND","ELEMENTARY","FEMALE",240,240,499,1018,249,58,525,1,2047,1529,1482,146,131,333,456
"ROCKLAND","ELEMENTARY","FEMALE",240,240,499,1018,117,36,343,1,1832,1160,1221,83,52,276,338
"ROCKLAND","ELEMENTARY","MALE",262,262,555,1074,362,159,622,2,1063,1116,1146,151,54,270,603
"ROCKLAND","ELEMENTARY","MALE",262,262,555,1074,281,1090,4854,16,1849,4024,4156,1109,90,1183,4464
"ROCKLAND","ELEMENTARY","MALE",262,262,555,1074,249,58,525,1,2047,1529,1482,146,131,333,456
"ROCKLAND","ELEMENTARY","MALE",262,262,555,1074,117,36,343,1,1832,1160,1221,83,52,276,338
"ROCKLAND","MIDDLE/HIGH","FEMALE",218,218,394,759,362,159,622,2,1063,1116,1146,151,54,270,603
"ROCKLAND","MIDDLE/HIGH","FEMALE",218,218,394,759,281,1090,4854,16,1849,4024,4156,1109,90,1183,4464
"ROCKLAND","MIDDLE/HIGH","FEMALE",218,218,394,759,249,58,525,1,2047,1529,1482,146,131,333,456
"ROCKLAND","MIDDLE/HIGH","FEMALE",218,218,394,759,117,36,343,1,1832,1160,1221,83,52,276,338
"ROCKLAND","MIDDLE/HIGH","MALE",223,223,449,718,362,159,622,2,1063,1116,1146,151,54,270,603
"ROCKLAND","MIDDLE/HIGH","MALE",223,223,449,718,281,1090,4854,16,1849,4024,4156,1109,90,1183,4464
"ROCKLAND","MIDDLE/HIGH","MALE",223,223,449,718,249,58,525,1,2047,1529,1482,146,131,333,456
"ROCKLAND","MIDDLE/HIGH","MALE",223,223,449,718,117,36,343,1,1832,1160,1221,83,52,276,338
"SARATOGA","ELEMENTARY","FEMALE",179,179,295,783,3,3,18,2,1088,554,589,1,29,121,552
"SARATOGA","ELEMENTARY","FEMALE",179,179,295,783,22,24,116,2,2778,1441,1586,10,85,404,1079
"SARATOGA","ELEMENTARY","FEMALE",179,179,295,783,129,106,250,1,5623,3142,3227,67,260,682,1508
"SARATOGA","ELEMENTARY","MALE",174,174,329,828,3,3,18,2,1088,554,589,1,29,121,552
"SARATOGA","ELEMENTARY","MALE",174,174,329,828,22,24,116,2,2778,1441,1586,10,85,404,1079
"SARATOGA","ELEMENTARY","MALE",174,174,329,828,129,106,250,1,5623,3142,3227,67,260,682,1508
"SARATOGA","MIDDLE/HIGH","FEMALE",147,147,263,490,3,3,18,2,1088,554,589,1,29,121,552
"SARATOGA","MIDDLE/HIGH","FEMALE",147,147,263,490,22,24,116,2,2778,1441,1586,10,85,404,1079
"SARATOGA","MIDDLE/HIGH","FEMALE",147,147,263,490,129,106,250,1,5623,3142,3227,67,260,682,1508
"SARATOGA","MIDDLE/HIGH","MALE",96,96,214,508,3,3,18,2,1088,554,589,1,29,121,552
"SARATOGA","MIDDLE/HIGH","MALE",96,96,214,508,22,24,116,2,2778,1441,1586,10,85,404,1079
"SARATOGA","MIDDLE/HIGH","MALE",96,96,214,508,129,106,250,1,5623,3142,3227,67,260,682,1508
"SCHENECTADY","ELEMENTARY","FEMALE",84,84,161,429,694,196,234,10,2946,2056,2230,118,206,459,675
"SCHENECTADY","ELEMENTARY","FEMALE",84,84,161,429,99,128,248,9,2130,1379,1420,34,185,382,1258
"SCHENECTADY","ELEMENTARY","MALE",98,98,195,476,694,196,234,10,2946,2056,2230,118,206,459,675
"SCHENECTADY","ELEMENTARY","MALE",98,98,195,476,99,128,248,9,2130,1379,1420,34,185,382,1258
"SCHENECTADY","MIDDLE/HIGH","FEMALE",83,83,153,296,694,196,234,10,2946,2056,2230,118,206,459,675
"SCHENECTADY","MIDDLE/HIGH","FEMALE",83,83,153,296,99,128,248,9,2130,1379,1420,34,185,382,1258
"SCHENECTADY","MIDDLE/HIGH","MALE",75,75,165,286,694,196,234,10,2946,2056,2230,118,206,459,675
"SCHENECTADY","MIDDLE/HIGH","MALE",75,75,165,286,99,128,248,9,2130,1379,1420,34,185,382,1258
"SCHUYLER","ELEMENTARY","FEMALE",12,12,20,66,4,2,13,2,746,370,427,0,30,108,394
"SCHUYLER","ELEMENTARY","MALE",13,13,21,59,4,2,13,2,746,370,427,0,30,108,394
"SENECA","ELEMENTARY","FEMALE",32,32,46,52,27,33,75,21,1016,595,634,12,57,155,622
"SENECA","ELEMENTARY","MALE",22,22,43,79,27,33,75,21,1016,595,634,12,57,155,622
"SENECA","MIDDLE/HIGH","FEMALE",12,12,30,55,27,33,75,21,1016,595,634,12,57,155,622
"SENECA","MIDDLE/HIGH","MALE",19,19,47,40,27,33,75,21,1016,595,634,12,57,155,622
"ST. LAWRENCE","ELEMENTARY","FEMALE",26,26,59,83,4,3,5,2,260,144,139,0,9,57,202
"ST. LAWRENCE","ELEMENTARY","FEMALE",26,26,59,83,6,3,10,6,951,496,491,0,11,130,562
"ST. LAWRENCE","ELEMENTARY","MALE",18,18,50,59,6,3,10,6,951,496,491,0,11,130,562
"ST. LAWRENCE","MIDDLE/HIGH","FEMALE",16,16,42,28,6,3,10,6,951,496,491,0,11,130,562
"ST. LAWRENCE","MIDDLE/HIGH","MALE",9,9,42,39,6,3,10,6,951,496,491,0,11,130,562
"STEUBEN","ELEMENTARY","FEMALE",65,65,146,230,3,35,15,1,1485,763,784,2,8,203,842
"STEUBEN","ELEMENTARY","FEMALE",65,65,146,230,18,63,72,1,1372,817,801,33,92,290,837
"STEUBEN","ELEMENTARY","FEMALE",65,65,146,230,2,7,4,1,358,197,191,0,16,67,182
"STEUBEN","ELEMENTARY","MALE",69,69,157,262,3,35,15,1,1485,763,784,2,8,203,842
"STEUBEN","ELEMENTARY","MALE",69,69,157,262,18,63,72,1,1372,817,801,33,92,290,837
"STEUBEN","ELEMENTARY","MALE",69,69,157,262,6,2,20,2,444,223,253,9,2,55,223
"STEUBEN","ELEMENTARY","MALE",69,69,157,262,1,1,3,1,412,195,226,0,3,85,199
"STEUBEN","MIDDLE/HIGH","FEMALE",45,45,98,140,3,35,15,1,1485,763,784,2,8,203,842
"STEUBEN","MIDDLE/HIGH","FEMALE",45,45,98,140,18,63,72,1,1372,817,801,33,92,290,837
"STEUBEN","MIDDLE/HIGH","FEMALE",45,45,98,140,1,1,3,1,412,195,226,0,3,85,199
"STEUBEN","MIDDLE/HIGH","MALE",47,47,128,146,3,35,15,1,1485,763,784,2,8,203,842
"STEUBEN","MIDDLE/HIGH","MALE",47,47,128,146,18,63,72,1,1372,817,801,33,92,290,837
"STEUBEN","MIDDLE/HIGH","MALE",47,47,128,146,2,7,4,1,358,197,191,0,16,67,182
"SUFFOLK","ELEMENTARY","FEMALE",1598,1598,3184,6436,53,49,236,1,1179,768,786,38,36,197,230
"SUFFOLK","ELEMENTARY","FEMALE",1598,1598,3184,6436,271,1085,1402,18,1636,2208,2341,302,137,663,2182
"SUFFOLK","ELEMENTARY","FEMALE",1598,1598,3184,6436,40,1097,1703,22,147,1459,1649,637,99,403,2277
"SUFFOLK","ELEMENTARY","FEMALE",1598,1598,3184,6436,550,795,1086,4,1454,1952,2063,262,126,609,1913
"SUFFOLK","ELEMENTARY","FEMALE",1598,1598,3184,6436,105,125,1177,9,2227,1911,1859,264,127,591,1336
"SUFFOLK","ELEMENTARY","FEMALE",1598,1598,3184,6436,771,424,2221,28,8826,6207,6395,343,332,2177,3445
"SUFFOLK","ELEMENTARY","FEMALE",1598,1598,3184,6436,91,6,117,2,800,512,540,33,36,178,77
"SUFFOLK","ELEMENTARY","FEMALE",1598,1598,3184,6436,131,29,180,1,1796,1039,1128,15,30,299,223
"SUFFOLK","ELEMENTARY","FEMALE",1598,1598,3184,6436,767,464,2391,3,5665,4645,4911,596,266,1458,3705
"SUFFOLK","ELEMENTARY","FEMALE",1598,1598,3184,6436,174,381,3393,12,3368,3672,3905,1003,249,1142,4133
"SUFFOLK","ELEMENTARY","FEMALE",1598,1598,3184,6436,240,1336,3424,40,3702,4507,4710,611,475,1347,5593
"SUFFOLK","ELEMENTARY","FEMALE",1598,1598,3184,6436,21,75,259,59,1149,750,814,87,1,298,363
"SUFFOLK","ELEMENTARY","FEMALE",1598,1598,3184,6436,75,699,1689,16,1557,2006,2185,0,155,599,2553
"SUFFOLK","ELEMENTARY","FEMALE",1598,1598,3184,6436,150,39,641,3,4110,2423,2652,167,132,795,797
"SUFFOLK","ELEMENTARY","FEMALE",1598,1598,3184,6436,1365,953,998,20,4120,3810,4019,221,373,1464,1670
"SUFFOLK","ELEMENTARY","FEMALE",1598,1598,3184,6436,168,130,435,3,2173,1488,1540,105,119,458,488
"SUFFOLK","ELEMENTARY","FEMALE",1598,1598,3184,6436,129,145,804,3,1553,1379,1347,149,92,394,903
"SUFFOLK","ELEMENTARY","FEMALE",1598,1598,3184,6436,102,81,687,5,2655,1733,1895,77,98,579,872
"SUFFOLK","ELEMENTARY","FEMALE",1598,1598,3184,6436,295,115,424,4,2367,1552,1728,109,75,467,565
"SUFFOLK","ELEMENTARY","FEMALE",1598,1598,3184,6436,77,15,506,2,3395,1951,2154,26,110,638,652
"SUFFOLK","ELEMENTARY","FEMALE",1598,1598,3184,6436,69,565,3341,8,1983,2928,3143,0,105,841,0
"SUFFOLK","ELEMENTARY","FEMALE",1598,1598,3184,6436,515,118,832,14,6747,4174,4220,134,168,1281,843
"SUFFOLK","ELEMENTARY","FEMALE",1598,1598,3184,6436,8,9,165,7,68,139,128,0,10,32,0
"SUFFOLK","ELEMENTARY","MALE",1665,1665,3625,6390,53,49,236,1,1179,768,786,38,36,197,230
"SUFFOLK","ELEMENTARY","MALE",1665,1665,3625,6390,271,1085,1402,18,1636,2208,2341,302,137,663,2182
"SUFFOLK","ELEMENTARY","MALE",1665,1665,3625,6390,40,1097,1703,22,147,1459,1649,637,99,403,2277
"SUFFOLK","ELEMENTARY","MALE",1665,1665,3625,6390,550,795,1086,4,1454,1952,2063,262,126,609,1913
"SUFFOLK","ELEMENTARY","MALE",1665,1665,3625,6390,105,125,1177,9,2227,1911,1859,264,127,591,1336
"SUFFOLK","ELEMENTARY","MALE",1665,1665,3625,6390,771,424,2221,28,8826,6207,6395,343,332,2177,3445
"SUFFOLK","ELEMENTARY","MALE",1665,1665,3625,6390,91,6,117,2,800,512,540,33,36,178,77
"SUFFOLK","ELEMENTARY","MALE",1665,1665,3625,6390,131,29,180,1,1796,1039,1128,15,30,299,223
"SUFFOLK","ELEMENTARY","MALE",1665,1665,3625,6390,767,464,2391,3,5665,4645,4911,596,266,1458,3705
"SUFFOLK","ELEMENTARY","MALE",1665,1665,3625,6390,174,381,3393,12,3368,3672,3905,1003,249,1142,4133
"SUFFOLK","ELEMENTARY","MALE",1665,1665,3625,6390,240,1336,3424,40,3702,4507,4710,611,475,1347,5593
"SUFFOLK","ELEMENTARY","MALE",1665,1665,3625,6390,21,75,259,59,1149,750,814,87,1,298,363
"SUFFOLK","ELEMENTARY","MALE",1665,1665,3625,6390,75,699,1689,16,1557,2006,2185,0,155,599,2553
"SUFFOLK","ELEMENTARY","MALE",1665,1665,3625,6390,150,39,641,3,4110,2423,2652,167,132,795,797
"SUFFOLK","ELEMENTARY","MALE",1665,1665,3625,6390,1365,953,998,20,4120,3810,4019,221,373,1464,1670
"SUFFOLK","ELEMENTARY","MALE",1665,1665,3625,6390,168,130,435,3,2173,1488,1540,105,119,458,488
"SUFFOLK","ELEMENTARY","MALE",1665,1665,3625,6390,129,145,804,3,1553,1379,1347,149,92,394,903
"SUFFOLK","ELEMENTARY","MALE",1665,1665,3625,6390,102,81,687,5,2655,1733,1895,77,98,579,872
"SUFFOLK","ELEMENTARY","MALE",1665,1665,3625,6390,295,115,424,4,2367,1552,1728,109,75,467,565
"SUFFOLK","ELEMENTARY","MALE",1665,1665,3625,6390,77,15,506,2,3395,1951,2154,26,110,638,652
"SUFFOLK","ELEMENTARY","MALE",1665,1665,3625,6390,69,565,3341,8,1983,2928,3143,0,105,841,0
"SUFFOLK","ELEMENTARY","MALE",1665,1665,3625,6390,515,118,832,14,6747,4174,4220,134,168,1281,843
"SUFFOLK","ELEMENTARY","MALE",1665,1665,3625,6390,8,9,165,7,68,139,128,0,10,32,0
"SUFFOLK","MIDDLE/HIGH","FEMALE",1363,1363,2599,4544,53,49,236,1,1179,768,786,38,36,197,230
"SUFFOLK","MIDDLE/HIGH","FEMALE",1363,1363,2599,4544,271,1085,1402,18,1636,2208,2341,302,137,663,2182
"SUFFOLK","MIDDLE/HIGH","FEMALE",1363,1363,2599,4544,40,1097,1703,22,147,1459,1649,637,99,403,2277
"SUFFOLK","MIDDLE/HIGH","FEMALE",1363,1363,2599,4544,550,795,1086,4,1454,1952,2063,262,126,609,1913
"SUFFOLK","MIDDLE/HIGH","FEMALE",1363,1363,2599,4544,105,125,1177,9,2227,1911,1859,264,127,591,1336
"SUFFOLK","MIDDLE/HIGH","FEMALE",1363,1363,2599,4544,771,424,2221,28,8826,6207,6395,343,332,2177,3445
"SUFFOLK","MIDDLE/HIGH","FEMALE",1363,1363,2599,4544,91,6,117,2,800,512,540,33,36,178,77
"SUFFOLK","MIDDLE/HIGH","FEMALE",1363,1363,2599,4544,131,29,180,1,1796,1039,1128,15,30,299,223
"SUFFOLK","MIDDLE/HIGH","FEMALE",1363,1363,2599,4544,767,464,2391,3,5665,4645,4911,596,266,1458,3705
"SUFFOLK","MIDDLE/HIGH","FEMALE",1363,1363,2599,4544,174,381,3393,12,3368,3672,3905,1003,249,1142,4133
"SUFFOLK","MIDDLE/HIGH","FEMALE",1363,1363,2599,4544,240,1336,3424,40,3702,4507,4710,611,475,1347,5593
"SUFFOLK","MIDDLE/HIGH","FEMALE",1363,1363,2599,4544,21,75,259,59,1149,750,814,87,1,298,363
"SUFFOLK","MIDDLE/HIGH","FEMALE",1363,1363,2599,4544,75,699,1689,16,1557,2006,2185,0,155,599,2553
"SUFFOLK","MIDDLE/HIGH","FEMALE",1363,1363,2599,4544,150,39,641,3,4110,2423,2652,167,132,795,797
"SUFFOLK","MIDDLE/HIGH","FEMALE",1363,1363,2599,4544,1365,953,998,20,4120,3810,4019,221,373,1464,1670
"SUFFOLK","MIDDLE/HIGH","FEMALE",1363,1363,2599,4544,168,130,435,3,2173,1488,1540,105,119,458,488
"SUFFOLK","MIDDLE/HIGH","FEMALE",1363,1363,2599,4544,129,145,804,3,1553,1379,1347,149,92,394,903
"SUFFOLK","MIDDLE/HIGH","FEMALE",1363,1363,2599,4544,102,81,687,5,2655,1733,1895,77,98,579,872
"SUFFOLK","MIDDLE/HIGH","FEMALE",1363,1363,2599,4544,295,115,424,4,2367,1552,1728,109,75,467,565
"SUFFOLK","MIDDLE/HIGH","FEMALE",1363,1363,2599,4544,77,15,506,2,3395,1951,2154,26,110,638,652
"SUFFOLK","MIDDLE/HIGH","FEMALE",1363,1363,2599,4544,69,565,3341,8,1983,2928,3143,0,105,841,0
"SUFFOLK","MIDDLE/HIGH","FEMALE",1363,1363,2599,4544,515,118,832,14,6747,4174,4220,134,168,1281,843
"SUFFOLK","MIDDLE/HIGH","MALE",1347,1347,2905,4446,53,49,236,1,1179,768,786,38,36,197,230
"SUFFOLK","MIDDLE/HIGH","MALE",1347,1347,2905,4446,271,1085,1402,18,1636,2208,2341,302,137,663,2182
"SUFFOLK","MIDDLE/HIGH","MALE",1347,1347,2905,4446,40,1097,1703,22,147,1459,1649,637,99,403,2277
"SUFFOLK","MIDDLE/HIGH","MALE",1347,1347,2905,4446,550,795,1086,4,1454,1952,2063,262,126,609,1913
"SUFFOLK","MIDDLE/HIGH","MALE",1347,1347,2905,4446,105,125,1177,9,2227,1911,1859,264,127,591,1336
"SUFFOLK","MIDDLE/HIGH","MALE",1347,1347,2905,4446,771,424,2221,28,8826,6207,6395,343,332,2177,3445
"SUFFOLK","MIDDLE/HIGH","MALE",1347,1347,2905,4446,91,6,117,2,800,512,540,33,36,178,77
"SUFFOLK","MIDDLE/HIGH","MALE",1347,1347,2905,4446,131,29,180,1,1796,1039,1128,15,30,299,223
"SUFFOLK","MIDDLE/HIGH","MALE",1347,1347,2905,4446,767,464,2391,3,5665,4645,4911,596,266,1458,3705
"SUFFOLK","MIDDLE/HIGH","MALE",1347,1347,2905,4446,174,381,3393,12,3368,3672,3905,1003,249,1142,4133
"SUFFOLK","MIDDLE/HIGH","MALE",1347,1347,2905,4446,240,1336,3424,40,3702,4507,4710,611,475,1347,5593
"SUFFOLK","MIDDLE/HIGH","MALE",1347,1347,2905,4446,21,75,259,59,1149,750,814,87,1,298,363
"SUFFOLK","MIDDLE/HIGH","MALE",1347,1347,2905,4446,75,699,1689,16,1557,2006,2185,0,155,599,2553
"SUFFOLK","MIDDLE/HIGH","MALE",1347,1347,2905,4446,150,39,641,3,4110,2423,2652,167,132,795,797
"SUFFOLK","MIDDLE/HIGH","MALE",1347,1347,2905,4446,1365,953,998,20,4120,3810,4019,221,373,1464,1670
"SUFFOLK","MIDDLE/HIGH","MALE",1347,1347,2905,4446,168,130,435,3,2173,1488,1540,105,119,458,488
"SUFFOLK","MIDDLE/HIGH","MALE",1347,1347,2905,4446,129,145,804,3,1553,1379,1347,149,92,394,903
"SUFFOLK","MIDDLE/HIGH","MALE",1347,1347,2905,4446,102,81,687,5,2655,1733,1895,77,98,579,872
"SUFFOLK","MIDDLE/HIGH","MALE",1347,1347,2905,4446,295,115,424,4,2367,1552,1728,109,75,467,565
"SUFFOLK","MIDDLE/HIGH","MALE",1347,1347,2905,4446,77,15,506,2,3395,1951,2154,26,110,638,652
"SUFFOLK","MIDDLE/HIGH","MALE",1347,1347,2905,4446,69,565,3341,8,1983,2928,3143,0,105,841,0
"SUFFOLK","MIDDLE/HIGH","MALE",1347,1347,2905,4446,515,118,832,14,6747,4174,4220,134,168,1281,843
"SULLIVAN","ELEMENTARY","FEMALE",56,56,108,222,22,128,789,7,416,737,707,273,82,192,999
"SULLIVAN","ELEMENTARY","FEMALE",56,56,108,222,2,3,50,2,413,249,233,1,12,44,222
"SULLIVAN","ELEMENTARY","FEMALE",56,56,108,222,10,8,103,3,907,507,561,13,37,142,409
"SULLIVAN","ELEMENTARY","MALE",50,50,110,226,22,128,789,7,416,737,707,273,82,192,999
"SULLIVAN","ELEMENTARY","MALE",50,50,110,226,2,3,50,2,413,249,233,1,12,44,222
"SULLIVAN","ELEMENTARY","MALE",50,50,110,226,10,8,103,3,907,507,561,13,37,142,409
"SULLIVAN","MIDDLE/HIGH","FEMALE",34,34,82,97,22,128,789,7,416,737,707,273,82,192,999
"SULLIVAN","MIDDLE/HIGH","FEMALE",34,34,82,97,2,3,50,2,413,249,233,1,12,44,222
"SULLIVAN","MIDDLE/HIGH","FEMALE",34,34,82,97,10,8,103,3,907,507,561,13,37,142,409
"SULLIVAN","MIDDLE/HIGH","MALE",30,30,95,93,22,128,789,7,416,737,707,273,82,192,999
"SULLIVAN","MIDDLE/HIGH","MALE",30,30,95,93,2,3,50,2,413,249,233,1,12,44,222
"SULLIVAN","MIDDLE/HIGH","MALE",30,30,95,93,10,8,103,3,907,507,561,13,37,142,409
"TIOGA","ELEMENTARY","FEMALE",34,34,76,142,14,12,19,1,1429,758,743,1,26,211,739
"TIOGA","ELEMENTARY","FEMALE",34,34,76,142,3,6,20,1,703,376,380,1,23,112,444
"TIOGA","ELEMENTARY","FEMALE",34,34,76,142,7,8,14,4,857,445,456,1,11,138,524
"TIOGA","ELEMENTARY","MALE",35,35,85,174,14,12,19,1,1429,758,743,1,26,211,739
"TIOGA","ELEMENTARY","MALE",35,35,85,174,3,6,20,1,703,376,380,1,23,112,444
"TIOGA","ELEMENTARY","MALE",35,35,85,174,7,8,14,4,857,445,456,1,11,138,524
"TIOGA","MIDDLE/HIGH","FEMALE",32,32,67,87,14,12,19,1,1429,758,743,1,26,211,739
"TIOGA","MIDDLE/HIGH","FEMALE",32,32,67,87,7,8,14,4,857,445,456,1,11,138,524
"TIOGA","MIDDLE/HIGH","MALE",27,27,66,68,14,12,19,1,1429,758,743,1,26,211,739
"TIOGA","MIDDLE/HIGH","MALE",27,27,66,68,7,8,14,4,857,445,456,1,11,138,524
"TOMPKINS","ELEMENTARY","FEMALE",104,104,203,609,5,17,25,1,772,428,424,4,32,109,357
"TOMPKINS","ELEMENTARY","FEMALE",104,104,203,609,547,402,406,17,3365,2574,2693,210,530,715,1877
"TOMPKINS","ELEMENTARY","FEMALE",104,104,203,609,46,11,45,4,952,585,602,21,129,131,342
"TOMPKINS","ELEMENTARY","MALE",111,111,208,581,5,17,25,1,772,428,424,4,32,109,357
"TOMPKINS","ELEMENTARY","MALE",111,111,208,581,547,402,406,17,3365,2574,2693,210,530,715,1877
"TOMPKINS","ELEMENTARY","MALE",111,111,208,581,46,11,45,4,952,585,602,21,129,131,342
"TOMPKINS","MIDDLE/HIGH","FEMALE",64,64,124,320,5,17,25,1,772,428,424,4,32,109,357
"TOMPKINS","MIDDLE/HIGH","FEMALE",64,64,124,320,547,402,406,17,3365,2574,2693,210,530,715,1877
"TOMPKINS","MIDDLE/HIGH","FEMALE",64,64,124,320,46,11,45,4,952,585,602,21,129,131,342
"TOMPKINS","MIDDLE/HIGH","MALE",64,64,134,335,5,17,25,1,772,428,424,4,32,109,357
"TOMPKINS","MIDDLE/HIGH","MALE",64,64,134,335,547,402,406,17,3365,2574,2693,210,530,715,1877
"TOMPKINS","MIDDLE/HIGH","MALE",64,64,134,335,46,11,45,4,952,585,602,21,129,131,342
"ULSTER","ELEMENTARY","FEMALE",224,224,460,868,169,795,1611,6,3422,3282,3314,506,593,1326,3635
"ULSTER","ELEMENTARY","FEMALE",224,224,460,868,69,107,249,3,1163,827,840,14,76,226,665
"ULSTER","ELEMENTARY","FEMALE",224,224,460,868,61,90,264,2,1532,1001,1034,48,86,313,557
"ULSTER","ELEMENTARY","FEMALE",224,224,460,868,32,179,698,2,1847,1349,1482,64,73,387,991
"ULSTER","ELEMENTARY","MALE",222,222,505,819,169,795,1611,6,3422,3282,3314,506,593,1326,3635
"ULSTER","ELEMENTARY","MALE",222,222,505,819,69,107,249,3,1163,827,840,14,76,226,665
"ULSTER","ELEMENTARY","MALE",222,222,505,819,61,90,264,2,1532,1001,1034,48,86,313,557
"ULSTER","ELEMENTARY","MALE",222,222,505,819,32,179,698,2,1847,1349,1482,64,73,387,991
"ULSTER","MIDDLE/HIGH","FEMALE",170,170,362,496,169,795,1611,6,3422,3282,3314,506,593,1326,3635
"ULSTER","MIDDLE/HIGH","FEMALE",170,170,362,496,69,107,249,3,1163,827,840,14,76,226,665
"ULSTER","MIDDLE/HIGH","FEMALE",170,170,362,496,61,90,264,2,1532,1001,1034,48,86,313,557
"ULSTER","MIDDLE/HIGH","FEMALE",170,170,362,496,32,179,698,2,1847,1349,1482,64,73,387,991
"ULSTER","MIDDLE/HIGH","MALE",161,161,381,506,169,795,1611,6,3422,3282,3314,506,593,1326,3635
"ULSTER","MIDDLE/HIGH","MALE",161,161,381,506,69,107,249,3,1163,827,840,14,76,226,665
"ULSTER","MIDDLE/HIGH","MALE",161,161,381,506,61,90,264,2,1532,1001,1034,48,86,313,557
"ULSTER","MIDDLE/HIGH","MALE",161,161,381,506,32,179,698,2,1847,1349,1482,64,73,387,991
"WARREN","ELEMENTARY","FEMALE",95,95,178,349,25,37,107,2,1777,1003,1070,3,125,368,959
"WARREN","ELEMENTARY","FEMALE",95,95,178,349,44,33,82,1,2916,1516,1620,14,60,490,1152
"WARREN","ELEMENTARY","MALE",82,82,180,346,25,37,107,2,1777,1003,1070,3,125,368,959
"WARREN","ELEMENTARY","MALE",82,82,180,346,44,33,82,1,2916,1516,1620,14,60,490,1152
"WARREN","MIDDLE/HIGH","FEMALE",70,70,124,246,25,37,107,2,1777,1003,1070,3,125,368,959
"WARREN","MIDDLE/HIGH","FEMALE",70,70,124,246,44,33,82,1,2916,1516,1620,14,60,490,1152
"WARREN","MIDDLE/HIGH","MALE",56,56,123,234,25,37,107,2,1777,1003,1070,3,125,368,959
"WARREN","MIDDLE/HIGH","MALE",56,56,123,234,44,33,82,1,2916,1516,1620,14,60,490,1152
"WASHINGTON","ELEMENTARY","FEMALE",73,73,142,218,4,14,10,2,1014,502,570,0,28,187,483
"WASHINGTON","ELEMENTARY","FEMALE",73,73,142,218,14,24,76,4,2146,1181,1202,6,119,488,999
"WASHINGTON","ELEMENTARY","MALE",66,66,158,214,4,14,10,2,1014,502,570,0,28,187,483
"WASHINGTON","ELEMENTARY","MALE",66,66,158,214,14,24,76,4,2146,1181,1202,6,119,488,999
"WASHINGTON","MIDDLE/HIGH","FEMALE",35,35,83,114,4,14,10,2,1014,502,570,0,28,187,483
"WASHINGTON","MIDDLE/HIGH","FEMALE",35,35,83,114,14,24,76,4,2146,1181,1202,6,119,488,999
"WASHINGTON","MIDDLE/HIGH","MALE",42,42,108,97,4,14,10,2,1014,502,570,0,28,187,483
"WASHINGTON","MIDDLE/HIGH","MALE",42,42,108,97,14,24,76,4,2146,1181,1202,6,119,488,999
"WAYNE","ELEMENTARY","FEMALE",37,37,61,150,6,16,65,4,1726,899,969,11,51,231,819
"WAYNE","ELEMENTARY","FEMALE",37,37,61,150,6,8,17,2,784,378,446,5,7,150,423
"WAYNE","ELEMENTARY","MALE",29,29,62,147,6,16,65,4,1726,899,969,11,51,231,819
"WAYNE","ELEMENTARY","MALE",29,29,62,147,6,8,17,2,784,378,446,5,7,150,423
"WAYNE","MIDDLE/HIGH","FEMALE",10,10,27,22,6,8,17,2,784,378,446,5,7,150,423
"WAYNE","MIDDLE/HIGH","MALE",18,18,43,62,6,16,65,4,1726,899,969,11,51,231,819
"WAYNE","MIDDLE/HIGH","MALE",18,18,43,62,6,8,17,2,784,378,446,5,7,150,423
"WESTCHESTER","ELEMENTARY","FEMALE",660,660,1179,3017,107,30,268,1,1130,764,820,28,48,217,190
"WESTCHESTER","ELEMENTARY","FEMALE",660,660,1179,3017,73,131,687,2,1266,1122,1146,67,109,335,688
"WESTCHESTER","ELEMENTARY","FEMALE",660,660,1179,3017,196,94,167,2,1215,841,940,23,107,186,160
"WESTCHESTER","ELEMENTARY","FEMALE",660,660,1179,3017,484,90,299,1,1336,1068,1258,44,116,273,219
"WESTCHESTER","ELEMENTARY","FEMALE",660,660,1179,3017,109,622,745,2,212,838,880,90,28,281,962
"WESTCHESTER","ELEMENTARY","FEMALE",660,660,1179,3017,445,78,661,2,2348,1821,1801,315,88,465,698
"WESTCHESTER","ELEMENTARY","FEMALE",660,660,1179,3017,86,8,271,1,1508,907,996,48,29,309,195
"WESTCHESTER","ELEMENTARY","FEMALE",660,660,1179,3017,91,103,379,3,749,681,706,55,62,168,235
"WESTCHESTER","ELEMENTARY","FEMALE",660,660,1179,3017,89,38,219,1,1283,818,877,41,65,315,223
"WESTCHESTER","ELEMENTARY","FEMALE",660,660,1179,3017,138,5307,1964,14,364,3866,4015,577,94,1264,5474
"WESTCHESTER","ELEMENTARY","FEMALE",660,660,1179,3017,506,2144,5266,13,2697,5136,5630,1279,140,1529,5870
"WESTCHESTER","ELEMENTARY","FEMALE",660,660,1179,3017,31,16,186,1,775,523,523,28,37,161,195
"WESTCHESTER","ELEMENTARY","FEMALE",660,660,1179,3017,167,150,478,1,1902,1398,1515,22,215,291,314
"WESTCHESTER","ELEMENTARY","FEMALE",660,660,1179,3017,130,44,323,1,983,763,809,80,91,151,219
"WESTCHESTER","ELEMENTARY","FEMALE",660,660,1179,3017,1024,52,334,3,3022,2297,2448,86,310,455,0
"WESTCHESTER","ELEMENTARY","FEMALE",660,660,1179,3017,101,32,293,1,2384,1400,1466,35,55,481,305
"WESTCHESTER","ELEMENTARY","MALE",617,617,1207,3309,107,30,268,1,1130,764,820,28,48,217,190
"WESTCHESTER","ELEMENTARY","MALE",617,617,1207,3309,73,131,687,2,1266,1122,1146,67,109,335,688
"WESTCHESTER","ELEMENTARY","MALE",617,617,1207,3309,196,94,167,2,1215,841,940,23,107,186,160
"WESTCHESTER","ELEMENTARY","MALE",617,617,1207,3309,484,90,299,1,1336,1068,1258,44,116,273,219
"WESTCHESTER","ELEMENTARY","MALE",617,617,1207,3309,109,622,745,2,212,838,880,90,28,281,962
"WESTCHESTER","ELEMENTARY","MALE",617,617,1207,3309,445,78,661,2,2348,1821,1801,315,88,465,698
"WESTCHESTER","ELEMENTARY","MALE",617,617,1207,3309,86,8,271,1,1508,907,996,48,29,309,195
"WESTCHESTER","ELEMENTARY","MALE",617,617,1207,3309,91,103,379,3,749,681,706,55,62,168,235
"WESTCHESTER","ELEMENTARY","MALE",617,617,1207,3309,89,38,219,1,1283,818,877,41,65,315,223
"WESTCHESTER","ELEMENTARY","MALE",617,617,1207,3309,138,5307,1964,14,364,3866,4015,577,94,1264,5474
"WESTCHESTER","ELEMENTARY","MALE",617,617,1207,3309,506,2144,5266,13,2697,5136,5630,1279,140,1529,5870
"WESTCHESTER","ELEMENTARY","MALE",617,617,1207,3309,31,16,186,1,775,523,523,28,37,161,195
"WESTCHESTER","ELEMENTARY","MALE",617,617,1207,3309,167,150,478,1,1902,1398,1515,22,215,291,314
"WESTCHESTER","ELEMENTARY","MALE",617,617,1207,3309,130,44,323,1,983,763,809,80,91,151,219
"WESTCHESTER","ELEMENTARY","MALE",617,617,1207,3309,1024,52,334,3,3022,2297,2448,86,310,455,0
"WESTCHESTER","ELEMENTARY","MALE",617,617,1207,3309,101,32,293,1,2384,1400,1466,35,55,481,305
"WESTCHESTER","MIDDLE/HIGH","FEMALE",425,425,777,2027,107,30,268,1,1130,764,820,28,48,217,190
"WESTCHESTER","MIDDLE/HIGH","FEMALE",425,425,777,2027,73,131,687,2,1266,1122,1146,67,109,335,688
"WESTCHESTER","MIDDLE/HIGH","FEMALE",425,425,777,2027,196,94,167,2,1215,841,940,23,107,186,160
"WESTCHESTER","MIDDLE/HIGH","FEMALE",425,425,777,2027,484,90,299,1,1336,1068,1258,44,116,273,219
"WESTCHESTER","MIDDLE/HIGH","FEMALE",425,425,777,2027,109,622,745,2,212,838,880,90,28,281,962
"WESTCHESTER","MIDDLE/HIGH","FEMALE",425,425,777,2027,445,78,661,2,2348,1821,1801,315,88,465,698
"WESTCHESTER","MIDDLE/HIGH","FEMALE",425,425,777,2027,86,8,271,1,1508,907,996,48,29,309,195
"WESTCHESTER","MIDDLE/HIGH","FEMALE",425,425,777,2027,91,103,379,3,749,681,706,55,62,168,235
"WESTCHESTER","MIDDLE/HIGH","FEMALE",425,425,777,2027,89,38,219,1,1283,818,877,41,65,315,223
"WESTCHESTER","MIDDLE/HIGH","FEMALE",425,425,777,2027,138,5307,1964,14,364,3866,4015,577,94,1264,5474
"WESTCHESTER","MIDDLE/HIGH","FEMALE",425,425,777,2027,506,2144,5266,13,2697,5136,5630,1279,140,1529,5870
"WESTCHESTER","MIDDLE/HIGH","FEMALE",425,425,777,2027,31,16,186,1,775,523,523,28,37,161,195
"WESTCHESTER","MIDDLE/HIGH","FEMALE",425,425,777,2027,167,150,478,1,1902,1398,1515,22,215,291,314
"WESTCHESTER","MIDDLE/HIGH","FEMALE",425,425,777,2027,130,44,323,1,983,763,809,80,91,151,219
"WESTCHESTER","MIDDLE/HIGH","FEMALE",425,425,777,2027,1024,52,334,3,3022,2297,2448,86,310,455,0
"WESTCHESTER","MIDDLE/HIGH","FEMALE",425,425,777,2027,101,32,293,1,2384,1400,1466,35,55,481,305
"WESTCHESTER","MIDDLE/HIGH","MALE",441,441,951,2080,107,30,268,1,1130,764,820,28,48,217,190
"WESTCHESTER","MIDDLE/HIGH","MALE",441,441,951,2080,73,131,687,2,1266,1122,1146,67,109,335,688
"WESTCHESTER","MIDDLE/HIGH","MALE",441,441,951,2080,196,94,167,2,1215,841,940,23,107,186,160
"WESTCHESTER","MIDDLE/HIGH","MALE",441,441,951,2080,484,90,299,1,1336,1068,1258,44,116,273,219
"WESTCHESTER","MIDDLE/HIGH","MALE",441,441,951,2080,109,622,745,2,212,838,880,90,28,281,962
"WESTCHESTER","MIDDLE/HIGH","MALE",441,441,951,2080,445,78,661,2,2348,1821,1801,315,88,465,698
"WESTCHESTER","MIDDLE/HIGH","MALE",441,441,951,2080,86,8,271,1,1508,907,996,48,29,309,195
"WESTCHESTER","MIDDLE/HIGH","MALE",441,441,951,2080,91,103,379,3,749,681,706,55,62,168,235
"WESTCHESTER","MIDDLE/HIGH","MALE",441,441,951,2080,89,38,219,1,1283,818,877,41,65,315,223
"WESTCHESTER","MIDDLE/HIGH","MALE",441,441,951,2080,138,5307,1964,14,364,3866,4015,577,94,1264,5474
"WESTCHESTER","MIDDLE/HIGH","MALE",441,441,951,2080,506,2144,5266,13,2697,5136,5630,1279,140,1529,5870
"WESTCHESTER","MIDDLE/HIGH","MALE",441,441,951,2080,31,16,186,1,775,523,523,28,37,161,195
"WESTCHESTER","MIDDLE/HIGH","MALE",441,441,951,2080,167,150,478,1,1902,1398,1515,22,215,291,314
"WESTCHESTER","MIDDLE/HIGH","MALE",441,441,951,2080,130,44,323,1,983,763,809,80,91,151,219
"WESTCHESTER","MIDDLE/HIGH","MALE",441,441,951,2080,1024,52,334,3,3022,2297,2448,86,310,455,0
"WESTCHESTER","MIDDLE/HIGH","MALE",441,441,951,2080,101,32,293,1,2384,1400,1466,35,55,481,305
"WYOMING","ELEMENTARY","FEMALE",31,31,55,102,5,6,20,3,899,455,481,3,3,112,422
"WYOMING","ELEMENTARY","FEMALE",31,31,55,102,9,7,30,1,799,457,415,8,26,87,415
"WYOMING","ELEMENTARY","MALE",30,30,56,133,5,6,20,3,899,455,481,3,3,112,422
"WYOMING","ELEMENTARY","MALE",30,30,56,133,9,7,30,1,799,457,415,8,26,87,415
"WYOMING","MIDDLE/HIGH","FEMALE",18,18,44,73,5,6,20,3,899,455,481,3,3,112,422
"WYOMING","MIDDLE/HIGH","FEMALE",18,18,44,73,9,7,30,1,799,457,415,8,26,87,415
"WYOMING","MIDDLE/HIGH","MALE",22,22,48,54,5,6,20,3,899,455,481,3,3,112,422
"WYOMING","MIDDLE/HIGH","MALE",22,22,48,54,9,7,30,1,799,457,415,8,26,87,415
"YATES","ELEMENTARY","FEMALE",12,12,29,38,1,3,27,1,621,317,359,0,23,140,384
"YATES","ELEMENTARY","MALE",14,14,31,42,1,3,27,1,621,317,359,0,23,140,384
"YATES","MIDDLE/HIGH","FEMALE",7,7,14,29,1,3,27,1,621,317,359,0,23,140,384
"YATES","MIDDLE/HIGH","MALE",8,8,22,25,1,3,27,1,621,317,359,0,23,140,384
